ticker_yf,Symbol,Company Name,exchange,market,Currency,last_close,max_drawdown,EMA_20,EMA_52,EMA_200,MACD,MACD_signal,RSI_14,dividend_ttm,payments_ttm,div_freq,last_div_date,div_yield_ttm,next_earnings_date,eps_estimate,reported_eps,surprise_pct,score,Exchange,Sector,"Market Cap (C$)
31-October-2025",cluster,ISIN,yield
NPCT,NPCT,Nuveen Core Plus Impact Fund Common Shares of Beneficial Interest,NYSE,USA,USD,10.579999923706055,-0.11230907341844087,10.412172659133557,10.387907933200884,10.575989136652387,0.08259698693488282,0.05106804751531524,92.68298923510639,1.302,12.0,Monthly,2026-02-13,0.12306238273997304,,,,,63.0,,,,,,0.12306238273997304
ASGI,ASGI,abrdn Global Infrastructure Income Fund Common Shares of Beneficial Interest,NYSE,USA,USD,25.639999389648438,-0.09516131298185548,23.526007560999048,22.64129494020006,21.139859571445047,0.7484593540667,0.5041136417385482,87.05880240999001,2.46,12.0,Monthly,2026-01-23,0.09594384003742093,,,,,68.0,,,,,,0.09594384003742093
TEI,TEI,"Templeton Emerging Markets Income Fund, Inc. Common Stock",NYSE,USA,USD,6.989999771118164,-0.11849197556710445,6.809624874632908,6.644089686880265,6.240329234720779,0.11301011000587469,0.09455584537290407,88.0,0.881,12.0,Monthly,2026-01-23,0.12603720012126263,,,,,79.0,,,,,,0.12603720012126263
GBAB,GBAB,Guggenheim Taxable Municipal Bond & Investment Grade Debt Trust Common Shares of Beneficial Interest,NYSE,USA,USD,15.420000076293945,-0.08742134735830409,15.212452408943435,15.190252257173013,15.26864695651414,0.0712899582170099,0.03384240871564748,70.64220825637584,1.512,12.0,Monthly,2026-02-13,0.09805447422302446,,,,,88.0,,,,,,0.09805447422302446
BUI,BUI,"BlackRock Utility, Infrastructure & Power Opportunities Trust",NYSE,USA,USD,29.1299991607666,-0.11490818246865508,27.756125412586638,26.987139715558698,25.941433048943868,0.6862368941421018,0.5290440444494642,98.67846591806624,2.67,12.0,Monthly,2026-02-13,0.09165808708968513,,,,,92.0,,,,,,0.09165808708968513
EDD,EDD,"Morgan Stanley Emerging Markets Domestic Debt Fund, Inc. Common Stock",NYSE,USA,USD,6.170000076293945,-0.10288065560986637,5.946929092913226,5.7543447250067645,5.3938806454634625,0.1280678768822483,0.1116834669963287,78.57144681775026,0.53,4.0,Quarterly,2025-12-19,0.08589951271416325,,,,,107.0,,,,,,0.08589951271416325
MEGI,MEGI,NYLI CBRE Global Infrastructure Megatrends Term Fund Common Shares,NYSE,USA,USD,15.40999984741211,-0.1352549859440526,14.48295950029262,14.183917804651157,13.960155448379469,0.3368338950509564,0.22185194298252173,92.57142203194755,1.5,12.0,Monthly,2026-01-26,0.09733939097033176,,,,,108.0,,,,,,0.09733939097033176
NPFD,NPFD,Nuveen Variable Rate Preferred & Income Fund Common Shares,NYSE,USA,USD,19.56999969482422,-0.09963483775746351,19.507237578326656,19.425295027843493,19.35198534792403,0.11830061258236668,0.09714118439229022,66.9999427797593,1.983,12.0,Monthly,2026-02-13,0.1013285657088924,,,,,111.0,,,,,,0.1013285657088924
IIM,IIM,Invesco Value Municipal Income Trust Common Stock,NYSE,USA,USD,12.819999694824219,-0.10088072473751808,12.50793705935691,12.438335295541954,12.26350716207038,0.09161195470614025,0.03907074043158118,94.28571817826358,0.9239999999999999,12.0,Monthly,2026-01-15,0.07207488471103816,,,,,114.0,,,,,,0.07207488471103816
MMT,MMT,MFS Multimarket Income Trust Common Stock,NYSE,USA,USD,4.789999961853027,-0.07627111709312784,4.731344525638095,4.710544109524726,4.696323477184359,0.021591485956572676,0.01477813341236895,66.66666666666666,0.403,12.0,Monthly,2026-01-20,0.08413361236105274,,,,,118.0,,,,,,0.08413361236105274
IQI,IQI,Invesco Quality Municipal Income Trust Common Stock,NYSE,USA,USD,10.390000343322754,-0.10297028936366126,10.111260053350941,10.04109050878108,9.869035548934818,0.07090177930852803,0.02862625048099733,91.22804669317989,0.756,12.0,Monthly,2026-01-15,0.07276226901049639,,,,,119.0,,,,,,0.07276226901049639
HEQ,HEQ,John Hancock Diversified Income Fund Common Shares of Beneficial Interest,NYSE,USA,USD,11.40999984741211,-0.11267604246456675,11.175412297435587,11.010344235751392,10.764844828547492,0.11817291614918624,0.09622301830323673,76.92308820918669,1.0,4.0,Quarterly,2025-12-11,0.08764242010281963,,,,,121.0,,,,,,0.08764242010281963
NAN,NAN,Nuveen New York Quality Municipal Income Fund Common Stock,NYSE,USA,USD,11.539999961853027,-0.086075985226016,11.453263984961957,11.416487693991893,11.402503087016088,0.05312117737718758,0.03307687373673641,74.41864591349939,0.8639999999999999,12.0,Monthly,2026-02-13,0.07487001757851511,,,,,121.0,,,,,,0.07487001757851511
NZF,NZF,Nuveen Municipal Credit Income Fund ,NYSE,USA,USD,12.970000267028809,-0.10638293715015501,12.695857473410864,12.612659168512891,12.422664658166092,0.10759008254521696,0.04332390580297388,90.62499379118925,0.96,12.0,Monthly,2026-02-13,0.0740169606966337,,,,,123.0,,,,,,0.0740169606966337
PPT,PPT,Putnam Premier Income Trust Common Stock,NYSE,USA,USD,3.619999885559082,-0.06666666666666665,3.6203768927094346,3.608372263156116,3.621452275776285,0.010793959047204371,0.01201849745185746,59.09086968301273,0.312,12.0,Monthly,2026-01-23,0.08618784802856808,,,,,135.0,,,,,,0.08618784802856808
DLY,DLY,DoubleLine Yield Opportunities Fund Common Shares of Beneficial Interest,NYSE,USA,USD,14.949999809265137,-0.12759458522559286,14.83797249402838,14.770905307947192,15.08895617094964,0.07036406931993255,0.05616574232905416,75.51021599760219,1.4040000000000001,12.0,Monthly,2026-01-14,0.09391304467642086,,,,,137.0,,,,,,0.09391304467642086
VGI,VGI,Virtus Global Multi,NYSE,USA,USD,7.880000114440918,-0.10327458006951618,7.890305112584931,7.863035877688346,7.836479499881242,0.022894786997117222,0.022267364036729537,58.82350466247705,0.96,12.0,Monthly,2026-02-12,0.12182740939821819,,,,,138.0,,,,,,0.12182740939821819
EVG,EVG,Eaton Vance Short Diversified Income Fund Eaton Vance Short Duration Diversified Income Fund Common Shares of Beneficial Interest,NYSE,USA,USD,11.100000381469727,-0.0886524843681531,11.024060384291756,11.009771763871445,11.050161187848456,0.0306340587602989,0.01908570718387565,70.27024937173788,0.817,11.0,Monthly,2026-01-15,0.07360360107409498,,,,,142.0,,,,,,0.07360360107409498
HIO,HIO,"Western Asset High Income Opportunity Fund, Inc. Common Stock",NYSE,USA,USD,3.809999942779541,-0.14043587071501784,3.771821790158035,3.767136974465464,3.839125977109374,0.015095112862226756,0.010500203188320567,70.0,0.43199999999999994,12.0,Monthly,2026-01-23,0.11338582847453782,,,,,142.0,,,,,,0.11338582847453782
BWG,BWG,BrandywineGLOBAL Global Income Opportunities Fund Inc.,NYSE,USA,USD,8.609999656677246,-0.11929824072189243,8.550027159686367,8.512537756391977,8.46808395995179,0.032012933608186245,0.02324941387591946,64.10250767218085,0.96,12.0,Monthly,2026-01-23,0.11149826228570156,,,,,143.0,,,,,,0.11149826228570156
PDT,PDT,John Hancock Premium Dividend Fund,NYSE,USA,USD,13.449999809265137,-0.10550459652066357,13.127763431904116,12.985669602550317,12.999746246811085,0.15141977088415537,0.11862273209058517,78.12499689559154,0.996,12.0,Monthly,2026-02-12,0.07405204565979977,,,,,143.0,,,,,,0.07405204565979977
NQP,NQP,Nuveen Pennsylvania Quality Municipal Income Fund Common Stock,NYSE,USA,USD,12.010000228881836,-0.09298397198341846,12.00274825155923,11.98085555311085,11.722122119760042,0.022920553036717806,0.011163186599818927,65.11631517431196,0.9359999999999999,12.0,Monthly,2026-02-13,0.07793505263630991,,,,,146.0,,,,,,0.07793505263630991
FLC,FLC,Flaherty & Crumrine Total Return Fund Inc Common Stock,NYSE,USA,USD,18.020000457763672,-0.10859459967774443,17.7961600076075,17.643976390532494,17.386448567281548,0.1231692332042087,0.10033027498840487,86.15385518269423,1.203,12.0,Monthly,2026-01-23,0.06675915479689702,,,,,152.0,,,,,,0.06675915479689702
PDI,PDI,PIMCO Dynamic Income Fund Common Stock,NYSE,USA,USD,18.610000610351562,-0.15112213938124275,18.472586391120306,18.305951521345285,18.671791692902612,0.1939491827719948,0.16368811824536614,68.10348371269359,2.652,12.0,Monthly,2026-02-12,0.14250402541764887,,,,,152.0,,,,,,0.13799858935964257
DNP,DNP,"DNP Select Income Fund, Inc. Common Stock",NYSE,USA,USD,10.4399995803833,-0.1038306174445105,10.155939692243575,10.088143241285739,9.91760055722883,0.06999106572854252,0.04298514972427445,72.72730650568924,0.78,12.0,Monthly,2026-01-30,0.07471264668109906,,,,,153.0,,,,,,0.07471264668109906
GAB,GAB,"Gabelli Equity Trust, Inc. (The) Common Stock",NYSE,USA,USD,6.300000190734863,-0.1234568389212144,6.197206627785929,6.150011584935417,5.985780534177608,0.043037639946077455,0.022822498045643864,67.2414204170356,0.6,4.0,Quarterly,2025-12-12,0.09523809235472626,,,,,153.0,,,,,,0.09523809235472626
NEA,NEA,Nuveen AMT,NYSE,USA,USD,11.75,-0.11293106694283761,11.705994822382776,11.640960392961658,11.410621130828478,0.03298573422285145,0.02474610098059324,79.06974681073793,0.846,12.0,Monthly,2026-02-13,0.072,,,,,155.0,,,,,,0.072
RFI,RFI,"Cohen & Steers Total Return Realty Fund, Inc. Common Stock",NYSE,USA,USD,11.9399995803833,-0.1370967630293065,11.412663431372561,11.299104984078626,11.575475460559657,0.1806697471800227,0.10060181884626557,79.68752211894872,0.96,12.0,Monthly,2026-02-10,0.08040201287588168,,,,,156.0,,,,,,0.08040201287588168
EIIA,EIIA,Eagle Point Institutional Income Fund 8.125% Series A Term Preferred Shares Due 2029,NYSE,USA,USD,25.235000610351562,-0.030230717873237944,25.230045924117185,25.215798931363114,25.1269723431609,0.00018981528751638166,0.0031281244136635382,52.46477454364733,2.028,12.0,Monthly,2026-02-09,0.08036457106991712,,,,,156.0,,,,,,0.08036457106991712
AOD,AOD,abrdn Total Dynamic Dividend Fund Common Shares of Beneficial Interest,NYSE,USA,USD,10.359999656677246,-0.1625281756414133,10.101868402827352,9.9222896194291,9.422409658555754,0.11005590188700154,0.07833902519468795,76.00002543137978,1.17,12.0,Monthly,2026-01-23,0.11293436667692448,,,,,157.0,,,,,,0.11293436667692448
PDO,PDO,PIMCO Dynamic Income Opportunities Fund Common Shares of Beneficial Interest,NYSE,USA,USD,14.09000015258789,-0.13068182972713938,14.037810300848221,13.977337032859298,13.841959135341883,0.04248206514147057,0.036253852886087026,63.82979155126199,1.536,12.0,Monthly,2026-02-12,0.10901348356038769,,,,,159.0,,,,,,0.10901348356038769
GUT,GUT,Gabelli Utility Trust (The) Common Stock,NYSE,USA,USD,6.079999923706055,-0.08839779636242606,6.05288561974839,6.048688396713746,5.901833944782246,-0.0016370329981141296,-0.006758310139044883,49.05658170563838,0.6000000000000001,12.0,Monthly,2026-02-12,0.09868421176463947,,,,,159.0,,,,,,0.09868421176463947
RFM,RFM,"RiverNorth Flexible Municipal Income Fund, Inc. Common Stock",NYSE,USA,USD,14.65999984741211,-0.13558243852761676,14.491657737651414,14.331726439764331,14.35691763204661,0.1492651823115363,0.1258491514063827,80.95238095238095,1.116,12.0,Monthly,2026-02-13,0.07612551238852874,,,,,161.0,,,,,,0.07612551238852874
DDT,DDT,Dillard's Capital Trust I,NYSE,USA,USD,26.270000457763672,-0.04557541839789525,26.243958929032313,26.191614556070668,26.0711631819428,0.02329880590382416,0.012703908559511186,60.00004768398867,1.876,4.0,Quarterly,2026-01-16,0.07141225608336746,,,,,164.0,,,,,,0.07141225608336746
FFC,FFC,Flaherty & Crumrine Preferred and Income Securities Fund Incorporated,NYSE,USA,USD,16.8799991607666,-0.11460256987912132,16.717547008895806,16.649057293008017,16.45746037173946,0.06927388412721314,0.05112222227602238,77.14284157263876,1.18,12.0,Monthly,2026-01-23,0.06990521674566307,,,,,169.0,,,,,,0.06990521674566307
UTF,UTF,"Cohen & Steers Infrastructure Fund, Inc Common Stock",NYSE,USA,USD,26.850000381469727,-0.13247232848906676,25.85804028007401,25.12634973842772,24.952199467662634,0.5514441596413029,0.4909256737514126,88.4817104225127,1.841863,12.0,Monthly,2026-02-10,0.06859824855984525,,,,,170.0,,,,,,0.06859824855984525
ECCU,ECCU,Eagle Point Credit Company Inc. 7.75% Notes due 2030,NYSE,USA,USD,25.299999237060547,-0.04722054187551927,25.29408674933566,25.23534008780891,25.079239588011543,0.030926906665321496,0.038852032197131736,48.571402621229595,2.049,4.0,Quarterly,2025-12-15,0.0809881447347451,,,,,171.0,,,,,,0.0809881447347451
HTD,HTD,John Hancock Tax Advantaged Dividend Income Fund Common Shares of Beneficial Interest,NYSE,USA,USD,25.510000228881836,-0.13269552464938583,24.62947041403541,24.346550492994652,24.065666623096746,0.3192989904711041,0.2364387685112313,80.7692150941243,1.816,12.0,Monthly,2026-02-12,0.07118776886344229,,,,,177.0,,,,,,0.07118776886344229
PFO,PFO,Flaherty & Crumrine Preferred and Income Opportunity Fund Incorporated,NYSE,USA,USD,9.65999984741211,-0.09569895968490605,9.631927335662075,9.57654055558025,9.442278179038283,0.04099414039860605,0.04477270918651864,65.62497206021285,0.651,12.0,Monthly,2026-01-23,0.0673913054123289,,,,,178.0,,,,,,0.0673913054123289
ITUB,ITUB,Itau Unibanco Banco Holding SA American Depositary Shares (Each repstg 500 Preferred shares),NYSE,USA,USD,9.15999984741211,-0.12763321809037176,8.6946461624601,8.041425919141473,7.0524902046941245,0.4570855206938802,0.4257235741499307,63.23023705861822,0.7892359999999999,15.0,Monthly,2026-01-05,0.086161136806457,,0.17,0.18,3.45,181.0,,,,,,0.086161136806457
RFMZ,RFMZ,"RiverNorth Flexible Municipal Income Fund II, Inc. Common Stock",NYSE,USA,USD,13.100000381469727,-0.14305749853504657,13.068485765866908,12.982188732833794,13.01361228516723,0.07098237440826694,0.06348784533991966,73.77050205509113,1.02,12.0,Monthly,2026-02-13,0.07786259315250213,,,,,183.0,,,,,,0.07786259315250213
RMM,RMM,"RiverNorth Managed Duration Municipal Income Fund, Inc. Common Stock",NYSE,USA,USD,14.569999694824219,-0.14088212302599923,14.279407536412803,14.086180010924593,14.040148103286326,0.17482201299845812,0.13774371566226706,77.90697158639779,1.08,12.0,Monthly,2026-02-13,0.07412491575985787,,,,,183.0,,,,,,0.07412491575985787
NMT,NMT,Nuveen Massachusetts Quality Municipal Income Fund Common Stock,NYSE,USA,USD,11.8100004196167,-0.08545603577101468,11.697106140060201,11.601540411398108,11.595471875268439,0.07870116234852631,0.0715175406043711,60.86958324522231,0.8099999999999999,12.0,Monthly,2026-02-13,0.06858594167825516,,,,,183.0,,,,,,0.06858594167825516
BCAT,BCAT,BlackRock Capital Allocation Term Trust Common Shares of Beneficial Interest,NYSE,USA,USD,14.949999809265137,-0.15167098629228049,14.801085107947673,14.63516911063153,14.727263627415313,0.1469621054527419,0.11643802951928317,59.72220290592211,3.265,12.0,Monthly,2026-02-13,0.21839465161575078,,,,,185.0,,,,,,0.13799858935964257
RCB,RCB,Ready Capital Corporation 6.20% Senior Notes due 2026,NYSE,USA,USD,24.75,-0.04921343992121319,24.653448466076693,24.608156242759826,24.466391297123067,0.032478618672076465,0.021937061192768243,60.526447878062854,1.552,4.0,Quarterly,2026-01-15,0.06270707070707071,,,,,185.0,,,,,,0.06270707070707071
NMAI,NMAI,Nuveen Multi,NYSE,USA,USD,13.680000305175781,-0.1515390737752511,13.55384093387239,13.329568124428752,12.933186896103722,0.15751711369316013,0.14051901314807413,62.595422070216664,1.522,10.0,Irregular,2026-02-13,0.1112573074595734,,,,,185.0,,,,,,0.1112573074595734
PHK,PHK,Pimco High Income Fund,NYSE,USA,USD,4.909999847412109,-0.10323891153329112,4.936587497752337,4.911392394147687,4.878356385851896,0.011484035811720972,0.016745366829714906,40.90907120501461,0.5760000000000001,12.0,Monthly,2026-02-12,0.11731161260699217,,,,,189.0,,,,,,0.11731161260699217
PMM,PMM,Putnam Managed Municipal Income Trust Common Stock,NYSE,USA,USD,6.340000152587891,-0.09874609767089715,6.2782663473383185,6.223779700335193,6.133524529994686,0.036678304391390526,0.026301093878816295,82.35296592579296,0.315,12.0,Monthly,2026-01-23,0.049684541390968555,,,,,190.0,,,,,,0.049684541390968555
ATHS,ATHS,Athene Holding Ltd. 7.250% Fixed,NYSE,USA,USD,25.260000228881836,-0.06872582260670645,25.252067048940795,25.233089057255413,25.296052962169586,0.03382480464216897,0.034189802643617186,53.571516153906934,1.812,4.0,Quarterly,2025-12-15,0.071733966095859,,,,,190.0,,,,,,0.071733966095859
SOJF,SOJF,"Southern Company (The) Series 2025A 6.50% Junior Subordinated Notes due March 15, 2085",NYSE,USA,USD,25.940000534057617,-0.04745756526329381,25.769034366257657,25.736020480451202,25.844141467812417,0.06883005234077189,0.05266241766973385,64.91224547842526,1.4980000000000002,4.0,Quarterly,2025-12-12,0.05774864954351943,,,,,192.0,,,,,,0.05774864954351943
OIA,OIA,Invesco Municipal Income Opportunities Trust Common Stock,NYSE,USA,USD,6.340000152587891,-0.10967739504160101,6.231525553980296,6.148940354773526,6.0118075986311075,0.05652033816558788,0.04492164435653506,81.48144223569138,0.34800000000000003,12.0,Monthly,2026-01-15,0.05488958858430812,,,,,195.0,,,,,,0.05488958858430812
BTA,BTA,BlackRock Long,NYSE,USA,USD,9.729999542236328,-0.13438731937318715,9.619757167210736,9.536615510088875,9.456283474276605,0.06646385283700518,0.05632564615258938,84.09078101496833,0.6000000000000001,12.0,Monthly,2026-02-06,0.06166495665241285,,,,,196.0,,,,,,0.06166495665241285
RQI,RQI,Cohen & Steers Quality Income Realty Fund Inc Common Shares,NYSE,USA,USD,13.210000038146973,-0.1876876919878182,12.470045055846528,12.149533190302211,12.19622463028343,0.29903788344632254,0.22329147742975733,80.6060746178077,1.11,13.0,Monthly,2026-02-10,0.08402725183910786,,,,,196.0,,,,,,0.08402725183910786
NAC,NAC,Nuveen California Quality Municipal Income Fund,NYSE,USA,USD,11.880000114440918,-0.09474586221566073,11.888629966235872,11.85923979367032,11.60514382070085,0.008424166297537283,0.007850194148455253,52.00004577636719,0.8879999999999999,12.0,Monthly,2026-02-13,0.07474747402742679,,,,,198.0,,,,,,0.07474747402742679
MUA,MUA,"Blackrock MuniAssets Fund, Inc Common Stock",NYSE,USA,USD,11.180000305175781,-0.1215370605608781,11.093936390046544,10.96871506410741,10.833604220465189,0.08733846722276972,0.08473965590553165,80.00021798424518,0.672,12.0,Monthly,2026-02-06,0.06010733288521447,,,,,198.0,,,,,,0.06010733288521447
DPG,DPG,Duff & Phelps Utility and Infrastructure Fund Inc.,NYSE,USA,USD,14.5600004196167,-0.12693249995596334,13.698935359440545,13.302071484661287,12.802935748919529,0.3509766057470465,0.2549977938531526,88.69045287575166,0.8400000000000001,12.0,Monthly,2026-01-30,0.05769230602962535,,,,,200.0,,,,,,0.05769230602962535
JOF,JOF,Japan Smaller Capitalization Fund Inc Common Stock,NYSE,USA,USD,12.289999961853027,-0.09787729854641136,11.643323511750737,11.247988716764528,10.322556977727801,0.2568528374566146,0.2011302633001789,68.58638063772324,0.712,8.0,Irregular,2026-02-13,0.05793327926850929,,,,,201.0,,,,,,0.05793327926850929
FPF,FPF,First Trust Intermediate Duration Preferred & Income Fund Common Shares of Beneficial Interest,NYSE,USA,USD,19.049999237060547,-0.13022758941012536,18.87432774659917,18.806547831346016,18.74582940177187,0.05204604817250669,0.04575092716163542,58.44151983770166,1.6560000000000001,12.0,Monthly,2026-02-02,0.08692913733972014,,,,,201.0,,,,,,0.08692913733972014
DHF,DHF,BNY Mellon High Yield Strategies Fund Common Stock,NYSE,USA,USD,2.559999942779541,-0.12260534333509965,2.5382372818430503,2.5297060393104824,2.5433240109641795,0.010806629440256899,0.00854291950087196,57.89473684210526,0.21599999999999997,12.0,Monthly,2026-02-05,0.08437500188592824,,,,,202.0,,,,,,0.08437500188592824
GCV,GCV,"Gabelli Convertible and Income Securities Fund, Inc. (The) Common Stock",NYSE,USA,USD,4.53000020980835,-0.17929293719886108,4.446860849378322,4.350307558539996,4.139549863682241,0.05673827047132196,0.05920630779980924,65.30612443497259,0.48,4.0,Quarterly,2025-12-12,0.10596025999308006,,,,,202.0,,,,,,0.10596025999308006
PGP,PGP,Pimco Global StocksPlus & Income Fund Common Shares of Beneficial Interest,NYSE,USA,USD,9.3100004196167,-0.1602959024575753,9.225585158977825,9.065355799952192,8.628194508898535,0.07879468143730861,0.07410203710972013,65.45457382836614,0.8280000000000001,12.0,Monthly,2026-02-12,0.08893662327397506,,,,,204.0,,,,,,0.08893662327397506
NCV,NCV,Virtus Convertible & Income Fund Common Shares of Beneficial Interest,NYSE,USA,USD,16.530000686645508,-0.17124731665677928,16.111050679926045,15.767990988726549,15.006020098515888,0.23698635498339016,0.1948582544506397,63.1818278367779,1.6320000000000001,12.0,Monthly,2026-02-12,0.09872957847596966,,,,,206.0,,,,,,0.09872957847596966
BGY,BGY,Blackrock Enhanced International Dividend Trust,NYSE,USA,USD,6.110000133514404,-0.15000005754931034,6.051715709856802,5.947220661330388,5.7956715886278305,0.06828452099391136,0.060635849634279086,63.79312187538281,0.516,12.0,Monthly,2026-02-13,0.08445171664885096,,,,,206.0,,,,,,0.08445171664885096
PAXS,PAXS,PIMCO Access Income Fund Common Shares of Beneficial Interest,NYSE,USA,USD,15.829999923706055,-0.12923079270582938,15.841417117991597,15.78561241353608,15.751209498959517,0.03561998518156706,0.05201457249807686,46.42855115490943,1.7879999999999998,12.0,Monthly,2026-02-12,0.11295009530116287,,,,,207.0,,,,,,0.11295009530116287
AEFC,AEFC,Aegon Funding Company LLC 5.10% Subordinated Notes due 2049,NYSE,USA,USD,20.299999237060547,-0.0774647735977092,20.130213400417745,20.068788484364827,20.193816691068054,0.06968639638531116,0.05675990317381264,57.14274036653751,1.276,4.0,Quarterly,2025-11-28,0.06285714521951705,,,,,208.0,,,,,,0.06285714521951705
NFJ,NFJ,"Virtus Dividend, Interest & Premium Strategy Fund Common Shares of Beneficial Interest",NYSE,USA,USD,13.800000190734863,-0.18083456528553155,13.513708255131052,13.283276280302491,12.900699691173816,0.14260726564279302,0.12762118022621693,69.76739286165774,1.22,4.0,Quarterly,2025-12-11,0.08840579587956034,,,,,208.0,,,,,,0.08840579587956034
CUBB,CUBB,"Customers Bancorp, Inc 5.375% Subordinated Notes Due 2034",NYSE,USA,USD,22.700000762939453,-0.08760888089595531,22.496231849781378,22.216029333639607,21.326273035743977,0.12723090216782396,0.0997905986188167,62.64883444358979,1.344,4.0,Quarterly,2025-12-15,0.059207046468220635,,,,,209.0,,,,,,0.059207046468220635
MIY,MIY,"Blackrock MuniYield Michigan Quality Fund, Inc. Common Stock",NYSE,USA,USD,12.5,-0.09207160834212214,12.220437396961396,11.998410408283615,11.615498982060052,0.13076513757877883,0.11193958003593119,66.66664258399373,0.66,12.0,Monthly,2026-02-13,0.0528,,,,,215.0,,,,,,0.0528
DKL,DKL,"Delek Logistics Partners, L.P. Common Units representing Limited Partner Interests",NYSE,USA,USD,54.93000030517578,-0.17810713410179402,51.33905337045043,48.76646461419503,45.393680922103776,1.852463821380752,1.5754365228902323,70.05312714038493,4.470000000000001,4.0,Quarterly,2026-02-05,0.08137629665330286,,1.02,0.74,-27.45,215.0,,,,,,0.08137629665330286
HFGM,HFGM,Unlimited HFGM Global Macro ETF,NYSE,USA,USD,33.34000015258789,-0.14089960039426497,32.81086974141773,32.12265534587315,30.1475569951613,0.5093926006378453,0.49089010371984687,51.38857683399626,3.24,1.0,Annual,2025-12-24,0.0971805634424542,,,,,216.0,,,,,,0.0971805634424542
FCRX,FCRX,"Crescent Capital BDC, Inc. 5.00% Notes due 2026",NYSE,USA,USD,25.1200008392334,-0.019207664931277013,25.066958955250985,25.03034214364058,24.94221857357827,0.030997344753185274,0.025791402426061042,61.111130733936854,1.252,4.0,Quarterly,2025-12-01,0.049840762666081506,,,,,216.0,,,,,,0.049840762666081506
MQY,MQY,"Blackrock MuniYield Quality Fund, Inc. Common Stock",NYSE,USA,USD,11.6899995803833,-0.11681854872098607,11.646937853802818,11.557344797911032,11.467556164956086,0.05846011303598253,0.06209388427301058,70.66668362091986,0.6960000000000001,12.0,Monthly,2026-02-06,0.05953806886083558,,,,,217.0,,,,,,0.05953806886083558
ASR,ASR,"Grupo Aeroportuario del Sureste, S.A. de C.V. Common Stock",NYSE,USA,USD,373.510009765625,-0.1487263811656132,355.82926679964646,338.07450472792857,318.6729692311066,12.630980229096338,11.19870708891769,71.11289213159952,25.714,1.0,Annual,2025-05-28,0.06884420585176648,,4.73,4.49,-5.07,217.0,,,,,,0.06884420585176648
JGH,JGH,Nuveen Global High Income Fund Common Shares of Beneficial Interest,NYSE,USA,USD,12.850000381469727,-0.14392247033084316,12.87266416226562,12.802996644374238,12.910582122514775,0.055918054116029126,0.0666416784550723,52.38100644411243,1.244688,12.0,Monthly,2026-02-13,0.09686287650192568,,,,,218.0,,,,,,0.09686287650192568
PEO,PEO,"Adams Natural Resources Fund, Inc. Common Stock",NYSE,USA,USD,25.610000610351562,-0.17937605733681738,24.595169207040115,23.420844288737044,22.193616384963683,0.764907966090064,0.718235983587797,73.62639435592389,2.01,4.0,Quarterly,2026-01-26,0.07848496493934318,,,,,218.0,,,,,,0.07848496493934318
MRP,MRP,"Millrose Properties, Inc. Class A Common Stock",NYSE,USA,USD,31.969999313354492,-0.18788732609278724,30.852628824987,30.737433110519362,29.964499212989644,0.3717988564960528,0.17461217398538204,73.82549762818815,2.55,4.0,Quarterly,2026-01-05,0.07976227884793276,,,,,219.0,,,,,,0.07976227884793276
UHT,UHT,Universal Health Realty Income Trust Common Stock,NYSE,USA,USD,43.20000076293945,-0.15960987008433525,41.26723249530688,40.46300078339007,39.78383578120417,0.8449285299987537,0.4915682647288597,78.70369949879125,2.96,4.0,Quarterly,2025-12-22,0.06851851730843796,,0.46,0.45,-2.17,219.0,,,,,,0.06851851730843796
IHD,IHD,Voya Emerging Markets High Income Dividend Equity Fund Common Shares,NYSE,USA,USD,7.079999923706055,-0.16000002080743958,6.902355796252641,6.659026514036017,6.167451241464612,0.14075782117349345,0.13355450974834407,60.256403986360006,0.66,12.0,Monthly,2026-02-02,0.09322033998759147,,,,,219.0,,,,,,0.09322033998759147
AIZN,AIZN,"Assurant, Inc. 5.25% Subordinated Notes due 2061",NYSE,USA,USD,21.264999389648438,-0.09828851608281908,20.874330227835532,20.469906062865213,20.23139739599759,0.31238658400283725,0.29062036059090174,58.77795472276412,1.312,4.0,Quarterly,2025-12-31,0.061697626976592666,,,,,221.0,,,,,,0.061697626976592666
BYM,BYM,Blackrock Municipal Income Quality Trust Common Shares of Beneficial Interest,NYSE,USA,USD,11.050000190734863,-0.1030274993688104,11.044083081693069,10.988196008435038,10.884398608809725,0.0354955399318122,0.037184975440247695,62.79081630389943,0.666,12.0,Monthly,2026-02-06,0.06027149217231902,,,,,221.0,,,,,,0.06027149217231902
RZB,RZB,"Reinsurance Group of America, Incorporated 5.75% Fixed",NYSE,USA,USD,25.139999389648438,-0.02435124637051722,25.09116260926104,25.020879978228194,24.92788257831458,0.048827964126985535,0.04527295507653524,54.09829401906096,1.436,4.0,Quarterly,2025-12-01,0.05712012867396021,,3.14,3.1,-1.27,222.0,,,,,,0.05712012867396021
MHF,MHF,"Western Asset Municipal High Income Fund, Inc. Common Stock",NYSE,USA,USD,7.0,-0.14705883249656138,6.95555293430559,6.949142158131494,7.04050808864156,0.025906896110914346,0.013528905809689502,84.61525764725516,0.40800000000000003,12.0,Monthly,2026-01-23,0.05828571428571429,,,,,222.0,,,,,,0.05828571428571429
CXE,CXE,MFS High Income Municipal Trust Common Stock,NYSE,USA,USD,3.8299999237060547,-0.11428567005221058,3.7857248777908854,3.7529376508034638,3.693011618225481,0.02370410385610011,0.019397222970446902,73.6842105263158,0.209,12.0,Monthly,2026-01-20,0.05456919168754541,,,,,224.0,,,,,,0.05456919168754541
ECCW,ECCW,Eagle Point Credit Company Inc. 6.75% Notes due 2031,NYSE,USA,USD,24.8700008392334,-0.0696720853347792,24.846383587435277,24.700832525491077,24.190776097116657,0.014431721127539987,0.03358295074386162,46.31582328801227,1.688,4.0,Quarterly,2025-12-15,0.06787293699391896,,,,,225.0,,,,,,0.06787293699391896
PCN,PCN,Pimco Corporate & Income Strategy Fund Common Stock,NYSE,USA,USD,12.779999732971191,-0.1472081028706842,12.807749560517463,12.789529564278244,12.918924832024503,0.018643432019954886,0.02439774780429956,47.9999694826547,1.356,12.0,Monthly,2026-02-12,0.10610328860192761,,,,,225.0,,,,,,0.10610328860192761
AQNB,AQNB,Algonquin Power & Utilities Corp. 6.20% Fixed,NYSE,USA,USD,25.8799991607666,-0.04615387549767125,25.84642607458573,25.76128600833341,25.659437235700313,0.06565045923787594,0.06544699573484904,46.3767314703988,1.6190000000000002,3.0,Irregular,2025-09-15,0.06255796184315035,,,,,226.0,,,,,,0.06255796184315035
GNL,GNL,"Global Net Lease, Inc. Common Stock",NYSE,USA,USD,9.850000381469727,-0.1743341425325109,9.526506736876366,9.046237345120415,8.205067100542133,0.24997032848650136,0.24512379407877857,67.93893574348354,0.76,4.0,Quarterly,2026-01-12,0.07715735741794964,,-0.02,-0.06,-200.0,230.0,,,,,,0.07715735741794964
KYN,KYN,"Kayne Anderson Energy Infrastructure Fund, Inc.",NYSE,USA,USD,13.770000457763672,-0.19307694068321812,13.130661969505624,12.66346499175961,12.36254813050888,0.3383048934365309,0.2951994088422318,82.53013121058555,0.97,12.0,Monthly,2026-02-13,0.07044298966984447,,,,,231.0,,,,,,0.07044298966984447
PSF,PSF,"Cohen & Steers Select Preferred and Income Fund, Inc. Common Stock",NYSE,USA,USD,20.5,-0.10707270333122743,20.481640374895836,20.451373582053623,20.37239152005385,0.03189773777875615,0.03869307424564515,49.48452391954522,1.512,12.0,Monthly,2026-02-10,0.0737560975609756,,,,,232.0,,,,,,0.0737560975609756
HGER,HGER,Harbor Commodity All,NYSE,USA,USD,26.93000030517578,-0.09734517755537409,26.75400301816035,26.331140067985874,25.47784785576793,0.2891137849561183,0.331470402974559,49.79536990584518,1.759,1.0,Annual,2025-12-12,0.06531748904815017,,,,,233.0,,,,,,0.06531748904815017
CMSC,CMSC,CMS Energy Corporation 5.875% Junior Subordinated Notes due 2078,NYSE,USA,USD,23.75,-0.08202962221350674,23.603387647240986,23.51669764360373,23.376519812362524,0.08247600015928569,0.08715666223021186,47.945141053544695,1.468,4.0,Quarterly,2025-12-31,0.061810526315789475,,,,,236.0,,,,,,0.061810526315789475
MPLX,MPLX,MPLX LP Common Units Representing Limited Partner Interests,NYSE,USA,USD,56.83000183105469,-0.14583716373601596,55.47826885983187,54.59883098260212,52.82989008379976,0.3785929450332759,0.3952571010319886,63.00505591757174,4.068,4.0,Quarterly,2026-02-09,0.07158190865616065,,0.81,0.83,2.32,237.0,,,,,,0.07158190865616065
BDJ,BDJ,Blackrock Enhanced Equity Dividend Trust,NYSE,USA,USD,9.479999542236328,-0.14988811394253776,9.56603475475496,9.434844596456676,9.109012128679206,0.04345082567510694,0.06555329611327826,50.0,0.857,12.0,Monthly,2026-02-13,0.09040084824707006,,,,,237.0,,,,,,0.09040084824707006
ECCX,ECCX,Eagle Point Credit Company Inc. 6.6875% Notes due 2028,NYSE,USA,USD,24.899999618530273,-0.0540117104490907,25.068210546369315,25.043471445535513,24.925320523313413,-0.012091094096359,0.004433512205220458,40.495425564758996,1.672,4.0,Quarterly,2025-12-15,0.06714859540623118,,,,,239.0,,,,,,0.06714859540623118
RIV,RIV,"RiverNorth Opportunities Fund, Inc. Common Stock",NYSE,USA,USD,11.920000076293945,-0.16103060472822117,11.994299028860798,11.89212902454492,11.810370290431978,0.05082677658974788,0.06277016886261338,45.52242842461562,1.519632,12.0,Monthly,2026-02-13,0.1274859052242951,,,,,240.0,,,,,,0.1274859052242951
EPD,EPD,Enterprise Products Partners L.P. Common Stock,NYSE,USA,USD,37.209999084472656,-0.15400351460464934,34.43200858053887,33.27496577640979,32.31366882649001,0.9386366352269064,0.7052340498046945,80.49848279333827,2.1750000000000003,4.0,Quarterly,2026-01-30,0.0584520304626292,,0.63,0.64,1.97,240.0,,,,,,0.0584520304626292
GRX,GRX,The Gabelli Healthcare & Wellness Trust Common Shares of Beneficial Interest,NYSE,USA,USD,9.819999694824219,-0.11984285171470266,9.679398018484376,9.607734466832087,9.542470312187493,0.03573479859118933,0.0250886438454114,58.97433389412731,0.66,4.0,Quarterly,2025-12-12,0.06720977805608926,,,,,240.0,,,,,,0.06720977805608926
SOR,SOR,"Source Capital, Inc. Cmn Shs of BI",NYSE,USA,USD,48.689998626708984,-0.07713822850294516,48.22736405315247,47.61939135622052,45.57432610631137,0.2562802224836602,0.28805708051530604,57.47663051616078,2.496,12.0,Monthly,2026-02-13,0.05126309448344931,,,,,242.0,,,,,,0.05126309448344931
EVT,EVT,Eaton Vance Tax Advantaged Dividend Income Fund Common Shares of Beneficial Interest,NYSE,USA,USD,26.389999389648438,-0.16385349113102554,26.01579147103832,25.474720466265374,24.55727945504483,0.2943116420133016,0.28626325133996605,69.94220609118251,1.8150000000000002,11.0,Monthly,2026-01-15,0.06877605312533427,,,,,244.0,,,,,,0.06877605312533427
EOD,EOD,Allspring Global Dividend Opportunity Fund Common Shares of Beneficial Interest,NYSE,USA,USD,6.079999923706055,-0.15619050888788133,6.0538712950119535,5.963372971608612,5.688825385598898,0.04558959188444156,0.04815236323674975,57.1428733618604,0.509,4.0,Quarterly,2025-12-11,0.08371710631366913,,,,,244.0,,,,,,0.08371710631366913
ZWU.TO,ZWU,BMO Covered Call Utilities ETF,,TSX,,11.930000305175781,-0.06708407688081974,11.480073497839115,11.32280487127537,11.205858838193588,0.16719738248612082,0.1193690630936319,87.50002709304619,0.8400000000000001,12.0,Monthly,2026-01-29,0.0704107274528375,,,,,20.0,TSX,ETP,1926887300.0,4.0,,0.0704107274528375
ZBBB.TO,ZBBB,BMO BBB Corporate Bond Index ETF,,TSX,,29.31999969482422,-0.024674476119707744,29.18219190939342,29.15084779314478,29.086020574369034,0.049384465356816065,0.029766015323180878,75.0,1.19,4.0,Quarterly,2025-12-30,0.04058663070893781,,,,,36.0,TSX,ETP,27493920.0,4.0,,0.04058663070893781
AI.TO,AI,Atrium Mortgage Investments Corporation,,TSX,,12.010000228881836,-0.06691104972008655,11.72095068548864,11.634000824813981,11.433691716022262,0.059550001503275496,0.03339830661910533,64.70589178125445,0.9359999999999999,12.0,Monthly,2026-01-30,0.07793505263630991,,0.29,0.31,6.9,37.0,TSX,Financial Services,647185176.86,4.0,,0.07793505263630991
ZSB.TO,ZSB,BMO Short-Term Bond Index ETF,,TSX,,49.189998626708984,-0.015422044244296718,49.037989533602484,49.028117997371496,49.018349375576726,0.045719074140329496,0.021081179892991186,82.7587114086897,1.54,4.0,Quarterly,2025-12-30,0.03130717712937315,,,,,40.0,TSX,ETP,149499980.0,4.0,,0.03130717712937315
ZBI.TO,ZBI,BMO Canadian Bank Income Index ETF,,TSX,,31.049999237060547,-0.023445118349167626,30.97431653505573,30.957903530531777,30.866160203957065,0.030226604107170374,0.01839846547416088,71.4287660594831,1.232738,4.0,Quarterly,2025-12-30,0.03970170789983894,,,,,42.0,TSX,ETP,134545530.93,4.0,,0.03970170789983894
BNK.TO,BNK,Big Banc Split Corp.,,TSX,,17.59000015258789,-0.0891386142362498,17.243502790960253,17.050179586944676,16.02542459392645,0.11777522252866746,0.08369649609534147,63.69048767888466,1.44,12.0,Monthly,2026-01-30,0.08186469513976344,,,,,43.0,TSX,Closed-End Funds,37145610.8,4.0,,0.08186469513976344
ZCB.TO,ZCB,BMO Corporate Bond Index ETF,,TSX,,48.11000061035156,-0.0312953020006882,47.8386167676785,47.76602090073203,47.68933677754904,0.1030570521567995,0.06384359471128004,74.57650131898825,1.89,4.0,Quarterly,2025-12-30,0.03928497144091366,,,,,44.0,TSX,ETP,1217506300.0,4.0,,0.03928497144091366
ZXCO.TO,ZXCO,BMO Target 2027 Canadian Corporate Bond ETF,,TSX,,10.100000381469727,-0.012770148383475233,10.092210550565149,10.08460177016007,10.05498795040729,-0.000936245431056193,-0.0009004847963042532,50.0,1.08,3.0,Irregular,2025-12-30,0.10693068903061181,,,,,45.0,TSX,ETP,6072010.12,4.0,,0.10693068903061181
ZQB.TO,ZQB,BMO High Quality Corporate Bond Index ETF,,TSX,,29.489999771118164,-0.018995911622727957,29.40987440455312,29.396959465975037,29.364231747224284,0.0325888589517227,0.019787991324097455,72.7278244509758,1.072,4.0,Quarterly,2025-12-30,0.03635130580943213,,,,,47.0,TSX,ETP,39500500.0,4.0,,0.03635130580943213
ESGB.TO,ESGB,BMO ESG Corporate Bond Index ETF,,TSX,,28.299999237060547,-0.03102965617687714,28.144731154619823,28.103838318863932,28.045662468216985,0.05555608779749832,0.035457742468057996,70.27038173054618,1.0670000000000002,4.0,Quarterly,2025-12-30,0.037703181228453876,,,,,52.0,TSX,ETP,76412560.0,4.0,,0.037703181228453876
ZWEN.TO,ZWEN,BMO Covered Call Energy ETF,,TSX,,31.479999542236328,-0.1906640112595015,30.263143981144392,29.380455213601074,28.536795467752075,0.6755385797210813,0.5687527029804611,76.67561706346874,2.64,12.0,Monthly,2026-01-29,0.08386277123218965,,,,,52.0,TSX,ETP,118517907.88,4.0,,0.08386277123218965
ALC.TO,ALC,Algoma Central Corporation,,TSX,,20.81999969482422,-0.07627120470505167,20.179324510976464,19.489106850541805,17.828857154097328,0.4709730344278604,0.3642055884280005,74.39996765139186,0.81,4.0,Quarterly,2026-02-13,0.038904899705707645,,0.92,1.01,9.78,54.0,TSX,Industrial Products & Services,705879998.4,4.0,,0.038904899705707645
ZEF.TO,ZEF,BMO Emerging Markets Bond Hedged to CAD Index ETF,,TSX,,12.670000076293945,-0.028157713023063136,12.602928234631912,12.586573489493478,12.506698866144179,0.0186533551474497,0.009003881443268306,60.714370863859465,0.537,12.0,Monthly,2026-01-29,0.042383583012343275,,,,,56.0,TSX,ETP,676988197.2,4.0,,0.042383583012343275
ZMI.TO,ZMI,BMO Monthly Income ETF,,TSX,,19.219999313354492,-0.09207597996905992,19.019728223336966,18.95799047183857,18.684561501929554,0.08154761565609547,0.04549169582237189,66.30427120780519,0.8546500000000001,12.0,Monthly,2026-01-29,0.04446670294135598,,,,,57.0,TSX,ETP,187248429.49,4.0,,0.04446670294135598
ZCM.TO,ZCM,BMO Mid Corporate Bond Index ETF,,TSX,,15.970000267028809,-0.030836950576939137,15.876946036491773,15.854590657809108,15.810228707840258,0.02892332717290813,0.018117246145047495,62.0690789149158,0.64306,12.0,Monthly,2026-01-29,0.04026674948325722,,,,,57.0,TSX,ETP,1315902630.6,4.0,,0.04026674948325722
ZWC.TO,ZWC,BMO Canadian High Dividend Covered Call ETF,,TSX,,21.600000381469727,-0.09025863416413049,21.135723874350347,20.797821707433954,19.746555921908822,0.17982987997887534,0.14475580545757044,61.69726155281041,1.22,12.0,Monthly,2026-01-29,0.05648148048398264,,,,,58.0,TSX,ETP,1831576500.0,4.0,,0.05648148048398264
ZUT.TO,ZUT,BMO Equal Weight Utilities Index ETF,,TSX,,27.219999313354492,-0.09446153104512145,26.150309104563938,25.960944502086075,25.222103324797555,0.28644173013809393,0.16109010210620728,81.32783235578334,0.8729480000000001,12.0,Monthly,2026-01-29,0.0320700963269944,,,,,60.0,TSX,ETP,814494692.0,4.0,,0.0320700963269944
ZWS.TO,ZWS,BMO US High Dividend Covered Call Hedged to CAD ETF,,TSX,,21.829999923706055,-0.14667939082948978,21.56477883566319,21.246833383635618,20.70601969410717,0.22297346973316934,0.19048790256801743,69.99998637607749,1.26,12.0,Monthly,2026-01-29,0.057718735886559326,,,,,62.0,TSX,ETP,134868072.0,4.0,,0.057718735886559326
ZLC.TO,ZLC,BMO Long Corporate Bond Index ETF,,TSX,,15.489999771118164,-0.07044024606477384,15.358049456192152,15.320734849328094,15.325518400739323,0.04750081963562636,0.02880866305765292,57.49994039529838,0.716,12.0,Monthly,2026-01-29,0.04622337059907617,,,,,66.0,TSX,ETP,467922700.68,4.0,,0.04622337059907617
ZAG.TO,ZAG,BMO Aggregate Bond Index ETF,,TSX,,13.960000038146973,-0.0429274915580361,13.866170472512064,13.86001841290309,13.880025590123369,0.021084481140492883,0.00819052424007723,62.96288447138276,0.479,12.0,Monthly,2026-01-29,0.0343123208231439,,,,,67.0,TSX,ETP,11699051294.0,4.0,,0.0343123208231439
ZZZD.TO,ZZZD,BMO Tactical Dividend ETF Fund,,TSX,,30.649999618530273,-0.1013513500451868,30.3058300557522,30.011685593403556,29.53150601786119,0.23110185405863248,0.18560395866317553,67.85721178790669,1.2,4.0,Quarterly,2025-12-30,0.03915171337472083,,,,,68.0,TSX,ETP,22050000.0,4.0,,0.03915171337472083
ALA.TO,ALA,AltaGas Ltd.,,TSX,,44.95000076293945,-0.08651957954181555,42.39752026103369,41.980780833355844,40.829275951743114,0.6197230329267569,0.2996392581427995,73.6989932102723,1.26,4.0,Quarterly,2025-12-16,0.028031145241689287,,0.11,0.08,-30.06,73.0,TSX,Utilities & Pipelines,12533445371.88,4.0,,0.028031145241689287
ZPR.TO,ZPR,BMO Laddered Preferred Share Index ETF,,TSX,,12.40999984741211,-0.0929401251878692,12.355858756936783,12.291324438023857,11.915441779606136,0.017875583603611744,0.015147382014315446,56.666698455992446,0.61,12.0,Monthly,2026-01-29,0.0491539087429727,,,,,73.0,TSX,ETP,1462443032.98,4.0,,0.0491539087429727
ZPS.TO,ZPS,BMO Short Provincial Bond Index ETF,,TSX,,12.489999771118164,-0.01354582260639714,12.449730645698557,12.447030592557601,12.444718758392188,0.008030387949217399,0.003816342682955591,61.53834867769504,0.355,12.0,Monthly,2026-01-29,0.02842273871140501,,,,,74.0,TSX,ETP,383270940.66,4.0,,0.02842273871140501
ZPL.TO,ZPL,BMO Long Provincial Bond Index ETF,,TSX,,12.274999618530273,-0.10130467309543978,12.124403625554438,12.123253843268223,12.20297498726423,0.03155070568911178,0.011359013977764093,65.21743937902895,0.454764,12.0,Monthly,2026-01-29,0.03704798485805985,,,,,74.0,TSX,ETP,314747196.75,4.0,,0.03704798485805985
ZMP.TO,ZMP,BMO Mid Provincial Bond Index ETF,,TSX,,14.350000381469727,-0.03412254755105926,14.259781272747977,14.245122317923968,14.204491842028466,0.021785806567189425,0.010999592168013656,62.500049670387305,0.42100000000000004,12.0,Monthly,2026-01-29,0.029337978314177664,,,,,75.0,TSX,ETP,720196606.12,4.0,,0.029337978314177664
AQN.TO,AQN,Algonquin Power & Utilities Corp.,,TSX,,9.279999732971191,-0.13101604499659802,8.931957189257721,8.724441455734437,8.160699776933221,0.10197341041259378,0.0883752419010098,65.957452564811,0.362,4.0,Quarterly,2025-12-31,0.03900862181211485,,0.17,0.11,-33.56,76.0,TSX,Clean Technology & Renewable Energy,6238108629.84,4.0,,0.03900862181211485
ZWB.TO,ZWB,BMO Covered Call Canadian Banks ETF,,TSX,,25.6200008392334,-0.1189516427520656,25.51170143059536,25.07768724527906,23.068897007271715,0.16640674836216718,0.14525774839659286,57.74061148544308,1.3599999999999999,12.0,Monthly,2026-01-29,0.05308352675450942,,,,,76.0,TSX,ETP,3534799528.44,4.0,,0.05308352675450942
ZWE.TO,ZWE,BMO Europe High Dividend Covered Call Hedged to CAD ETF,,TSX,,21.68000030517578,-0.14089038426727174,21.595439051320607,21.37847329309379,20.950867141133457,0.09476094645814115,0.09283020640829164,55.46221854644305,1.44,12.0,Monthly,2026-01-29,0.06642066327167999,,,,,76.0,TSX,ETP,723839775.0,4.0,,0.06642066327167999
ZDI.TO,ZDI,BMO International Dividend ETF,,TSX,,31.440000534057617,-0.14365777496950127,30.65707192100708,29.97633615346095,28.48065481185396,0.47192570968889314,0.3825672990901281,75.64577100141398,0.98051,12.0,Monthly,2026-01-29,0.031186704304850606,,,,,77.0,TSX,ETP,671960700.0,4.0,,0.031186704304850606
ZDV.TO,ZDV,BMO Canadian Dividend ETF,,TSX,,29.56999969482422,-0.09043249122747421,28.81262439023084,28.53063069975752,27.214123540402504,0.247686825275661,0.1584808260588811,63.742697559764984,0.88866,12.0,Monthly,2026-01-29,0.030052756481953786,,,,,78.0,TSX,ETP,1314932500.0,4.0,,0.030052756481953786
ZWH.TO,ZWH,BMO US High Dividend Covered Call ETF,,TSX,,25.639999389648438,-0.16034417013699198,25.42304887980226,25.190769792873613,24.662060914397177,0.16405331889209052,0.1354400237559509,58.30116370352587,1.56,12.0,Monthly,2026-01-29,0.06084243514568157,,,,,80.0,TSX,ETP,1155879680.0,4.0,,0.06084243514568157
ZDH.TO,ZDH,BMO International Dividend Hedged to CAD ETF,,TSX,,34.06999969482422,-0.13981449375187316,33.37172268771152,32.437154382771865,30.53363642877299,0.5618041569783685,0.4901662643989551,77.35195759431755,0.9724400000000001,12.0,Monthly,2026-01-29,0.028542412935440364,,,,,80.0,TSX,ETP,194046080.0,4.0,,0.028542412935440364
ZWP.TO,ZWP,BMO Europe High Dividend Covered Call ETF,,TSX,,20.979999542236328,-0.14499998092651367,20.802961999637052,20.56044709894394,19.9010575255478,0.10850976628885789,0.1068168256263411,52.469143797029005,1.26,12.0,Monthly,2026-01-29,0.06005719864118226,,,,,86.0,TSX,ETP,1002912000.0,4.0,,0.06005719864118226
ZWG.TO,ZWG,BMO Global High Dividend Covered Call ETF,,TSX,,34.7599983215332,-0.1553165455375115,34.67916499967286,34.463285657955346,33.7507663429336,0.16429163061059882,0.12633704074291013,55.06660942948638,2.14856,12.0,Monthly,2026-01-29,0.061811280314964946,,,,,86.0,TSX,ETP,279300000.0,4.0,,0.061811280314964946
ZRE.TO,ZRE,BMO Equal Weight REITs Index ETF,,TSX,,23.100000381469727,-0.09588394455995408,23.29057265356894,22.993646267655304,22.418225977940775,0.07422189224650211,0.1653087770046391,43.103453945745784,1.09085,12.0,Monthly,2026-01-29,0.04722294294311156,,,,,86.0,TSX,ETP,582221555.0,4.0,,0.04722294294311156
ZEO.TO,ZEO,BMO Equal Weight Oil & Gas Index ETF,,TSX,,92.61000061035156,-0.17622797729687956,87.0591108712768,84.10931673067542,80.0009890413166,2.477211961905226,1.9741792999071883,79.92730153991785,2.744656,4.0,Quarterly,2025-12-30,0.029636712902615117,,,,,86.0,TSX,ETP,217737735.0,2.0,,0.029636712902615117
ZWQT.TO,ZWQT,BMO Global Enhanced Income Fund,,TSX,,18.950000762939453,-0.15349883853012303,18.83462219671752,18.625245055535828,17.95901745671355,0.09884952130184033,0.09392487520125682,56.488555175541656,1.02,12.0,Monthly,2026-01-29,0.05382585535272461,,,,,88.0,TSX,ETP,16571736.6,4.0,,0.05382585535272461
BCE.TO,BCE,BCE Inc.,,TSX,,35.0099983215332,-0.1947729934953899,34.574174308438074,33.741093578991446,32.94217948138145,0.48835170435478403,0.5572779792629733,55.028454619550665,2.312,4.0,Quarterly,2025-12-15,0.06603827794467457,,0.77,0.85,10.09,92.0,TSX,Comm. & Media,32569194656.06,4.0,,0.06603827794467457
ZLE.TO,ZLE,BMO Low Volatility Emerging Markets Equity ETF,,TSX,,23.3700008392334,-0.10766890714738442,23.11380820249855,22.804193833734274,21.70611278094661,0.21337652768441018,0.18239243036229977,62.35297945555136,0.68,1.0,Annual,2025-12-30,0.029097132031695123,,,,,93.0,TSX,ETP,74857287.0,4.0,,0.029097132031695123
BNS.TO,BNS,Bank of Nova Scotia (The),,TSX,,103.16000366210938,-0.12598097283765275,103.09123465704684,100.77043256228963,89.97047991951335,0.8468513851516377,0.900588232229448,50.695668096127726,4.36,4.0,Quarterly,2026-01-06,0.04226444208242527,,2.0,2.06,3.14,93.0,TSX,Financial Services,113883736735.31,2.0,,0.04226444208242527
ZWA.TO,ZWA,BMO Covered Call Dow Jones Industrial Average Hedged to CAD ETF,,TSX,,27.93000030517578,-0.17183506423541062,28.068954621638706,27.896908506365563,27.179063801735307,0.0443123860474941,0.053332253725363814,43.70371155286172,1.56,12.0,Monthly,2026-01-29,0.055853919905289526,,,,,99.0,TSX,ETP,205177500.0,4.0,,0.055853919905289526
ZEB.TO,ZEB,BMO Equal Weight Banks Index ETF,,TSX,,59.83000183105469,-0.11711927325264992,59.47287912011952,58.284251785130635,52.593332252023245,0.468976223881711,0.4145941680684808,58.6154057429387,1.730315,12.0,Monthly,2026-01-29,0.028920523935232142,,,,,100.0,TSX,ETP,4695616975.5,4.0,,0.028920523935232142
BMO.TO,BMO,Bank of Montreal,,TSX,,192.1699981689453,-0.1656947571296663,190.7310577399422,185.6586811272172,170.48051270017032,2.63312962223398,2.7798321854974795,57.05445006996757,6.52,4.0,Quarterly,2026-01-30,0.03392829298082198,,3.07,3.04,-0.98,108.0,TSX,Financial Services,124553442626.54,1.0,,0.03392829298082198
ZEQ.TO,ZEQ,BMO MSCI Europe High Quality Hedged to CAD Index ETF,,TSX,,31.889999389648438,-0.14853948543551443,31.61737736926905,31.262876381095104,30.769454774880842,0.16672347647767438,0.14565626655692923,55.40982601881956,0.95,5.0,Irregular,2025-12-30,0.029789903361000753,,,,,113.0,TSX,ETP,349685800.0,4.0,,0.029789903361000753
RECI.L,RECI,REAL ESTATE CREDIT INV. LD,LSE,LSE,GBX,126.5,-0.08015267175572516,124.61129363820845,123.94383239882833,124.37543770128026,0.6786368843429216,0.4981901579737223,68.18181818181819,12.0,4.0,Quarterly,2025-12-04,0.09486166007905138,,,,,39.0,,,,0.0,GB00B0HW5366,0.09486166007905138
AEWU.L,AEWU,AEW UK REIT PLC,LSE,LSE,GBX,110.80000305175781,-0.07996149140399522,107.5696372861032,107.17528678922227,105.74351277249019,0.387639199416725,0.13722684618489114,67.12328051286232,8.0,4.0,Quarterly,2026-02-05,0.07220216407632203,,,,,56.0,,,,0.0,GB00BWD24154,0.07220216407632203
BPCR.L,BPCR,BIOPHARMA CREDIT PLC,LSE,LSE,USD,0.9520000219345093,-0.09865470582335367,0.9269094743632789,0.9163589092599478,0.8988197318971493,0.009689465319498325,0.0061646266194991615,69.81133985198913,0.0675,3.0,Irregular,2025-09-25,0.07090335971089244,,,,,60.0,,,,0.0,GB00BDGKMY29,0.07090335971089244
SBRY.L,SBRY,SAINSBURY(J) PLC,LSE,LSE,GBX,352.20001220703125,-0.1339894304302054,331.9727104702179,326.40783869505935,310.6417279654286,7.258313968440632,3.9135167894505853,91.20367001771007,24.8,2.0,Semi-Annual,2025-11-13,0.07041453475425205,,,,,62.0,,,,0.0,GB00B019KW72,0.07041453475425205
CHIB.L,CHIB,CT UK HIGH INCOME TRUST PLC,LSE,LSE,GBX,118.5,-0.09615384615384615,116.17579826741962,112.77733931003738,104.51974606949072,1.3556949639636855,1.1275614681067758,90.9090909090909,5.8500000000000005,4.0,Quarterly,2026-01-08,0.04936708860759494,,,,,66.0,,,,0.0,GB00B1N4H594,0.04936708860759494
SMIF.L,SMIF,TWENTYFOUR SELECT MONTHLY INCOME FD,LSE,LSE,GBX,88.0,-0.07272729006680578,87.70317685190378,87.49750882554504,87.19214239383693,0.15168484977618846,0.09787173375337291,56.5217247081341,7.3021,12.0,Monthly,2026-01-22,0.08297840909090909,,,,,69.0,,,,0.0,GG00BJVDZ946,0.08297840909090909
SOHO.L,SOHO,SOCIAL HOUSING REIT PLC,LSE,LSE,GBX,77.30000305175781,-0.11564625850340138,75.11338607194178,72.18098931200065,68.59798292724082,1.8607987933675076,1.9052735939277623,63.95349971922049,5.5814997,4.0,Quarterly,2025-12-04,0.07220568537704704,,,,,76.0,,,,0.0,GB00BF0P7H59,0.07220568537704704
RE-B.L,RE.B,R.E.A.HLDGS PLC,LSE,LSE,GBX,98.5,-0.06914893617021278,98.60907637299856,97.82104800287917,92.77388006024076,0.34316010643635764,0.28583656834581916,50.0,9.0,2.0,Semi-Annual,2025-12-11,0.09137055837563451,,,,,78.0,,,,0.0,GB0007185639,0.09137055837563451
CREI.L,CREI,CUSTODIAN PROPERTY INCOME REIT PLC,LSE,LSE,GBX,89.0,-0.13717944805438698,86.50951011936522,84.58660345043984,81.0384179812441,1.1214422294702757,0.9014758794754377,76.13636856236991,6.0,4.0,Quarterly,2026-01-15,0.06741573033707865,,,,,78.0,,,,0.0,GB00BJFLFT45,0.06741573033707865
LGEN.L,LGEN,LEGAL & GENERAL GROUP PLC,LSE,LSE,GBX,268.6000061035156,-0.13400403642558478,265.40988959780117,259.87644072184565,250.51311789465743,2.255138407603738,2.3283255008652457,68.00001878004807,21.480001,2.0,Semi-Annual,2025-08-21,0.07997021784028491,,,,,81.0,,,,0.0,GB0005603997,0.07997021784028491
SEQI.L,SEQI,SEQUOIA ECONOMIC INFRASTRUCTURE INC,LSE,LSE,GBX,79.80000305175781,-0.08131073365978625,79.8066605553521,79.45826783626228,78.6149074011391,0.04662452076290435,0.13947843276760105,51.162856717032284,6.8752,4.0,Quarterly,2026-01-29,0.08615538517637382,,,,,86.0,,,,0.0,GG00BV54HY67,0.08615538517637382
UU.L,UU.,UNITED UTILITIES GROUP PLC,LSE,LSE,GBX,1363.0,-0.0757832345469941,1270.017845846684,1234.6538412939644,1166.9184691324797,30.503218921072403,20.091256123376855,82.4945295404814,52.450001,2.0,Semi-Annual,2025-12-18,0.0384812920029347,,,,,86.0,,,,0.0,GB00B39J2M42,0.0384812920029347
ELLA.L,ELLA,ECCLESIASTICAL INSURANCE OFFICE PLC,LSE,LSE,GBX,149.5,-0.07236842105263153,148.0503335132222,147.12028725657314,145.1110773128138,0.6802713207314639,0.6082348875613233,60.869565217391305,8.625,2.0,Semi-Annual,2025-12-04,0.057692307692307696,,,,,86.5,,,,0.0,GB0003035382,0.057692307692307696
TRY.L,TRY,TR PROPERTY INV TST PLC,LSE,LSE,GBX,343.0,-0.10483870967741937,333.58232177356086,328.1333100452757,322.0971037907609,4.213875017776843,3.327998023174145,75.75757575757575,16.0,2.0,Semi-Annual,2025-12-11,0.04664723032069971,,,,,88.0,,,,0.0,GB0009064097,0.04664723032069971
NTEA.L,NTEA,NORTHERN ELECTRIC PLC,LSE,LSE,GBX,134.5,-0.07971014492753625,134.17252633743547,132.8194661164442,130.1700573515438,0.4571109790075525,0.6268595897174589,60.0,8.061,2.0,Semi-Annual,2025-08-28,0.05993308550185873,,,,,89.5,,,,0.0,GB0006546898,0.05993308550185873
ASY.L,ASY,ANDREWS SYKES GROUP PLC,LSE,LSE,GBX,530.0,-0.13157894736842102,521.5430952801427,513.3884845979692,514.8071119384844,7.718108931589086,7.228177540637257,87.5,25.900001,2.0,Semi-Annual,2025-10-02,0.04886792641509434,,,,,91.0,,,,0.0,GB0002684552,0.04886792641509434
LMP.L,LMP,LONDONMETRIC PROPERTY PLC,LSE,LSE,GBX,211.8000030517578,-0.13245359381761024,201.46707447001427,196.54600236382646,191.78007481507652,3.096494166272521,2.4738348343141277,72.51911864655533,12.399999999999999,4.0,Quarterly,2025-11-27,0.05854579707900097,,,,,92.0,,,,0.0,GB00B4WFW713,0.05854579707900097
GCP.L,GCP,GCP INFRASTRUCTURE INVESTMENTS LD,LSE,LSE,GBX,76.30000305175781,-0.1293532503544964,75.7195168480624,74.51350465083675,73.79488917892462,0.7349894595212447,0.7733670110060248,55.73775822757421,7.0,4.0,Quarterly,2026-02-12,0.09174311559662163,,,,,94.0,,,,0.0,JE00B6173J15,0.09174311559662163
LRE.L,LRE,LANCASHIRE HOLDINGS LD,LSE,LSE,GBX,654.0,-0.1801152737752162,631.3116618706753,622.3356659942135,615.725268582959,9.860281716741724,6.7439476948652946,71.57894736842105,95.0,4.0,Quarterly,2025-11-13,0.1452599388379205,,,,,97.0,,,,0.0,BMG5361W1047,0.13799858935964257
SVT.L,SVT,SEVERN TRENT PLC,LSE,LSE,GBX,3202.0,-0.10896057347670252,2978.770740026538,2880.7063441547857,2731.7275860554496,78.41752354628443,54.261968445875006,86.52631578947368,123.43,2.0,Semi-Annual,2025-11-27,0.038547782635852595,,,,,97.0,,,,1.0,GB00B1FH8J72,0.038547782635852595
THRL.L,THRL,TARGET HEALTHCARE REIT PLC,LSE,LSE,GBX,106.19999694824219,-0.11954457582268074,104.32090758047755,101.44192133439962,97.21209991837421,1.4986016305812058,1.6411737534587783,65.45451771129261,5.958,4.0,Quarterly,2026-02-12,0.05610169652738974,,,,,102.0,,,,0.0,GB00BJGTLF51,0.05610169652738974
INPP.L,INPP,INTERNATIONAL PUBLIC PARTNERSHIP LD,LSE,LSE,GBX,127.19999694824219,-0.10166664123535152,127.63424347285961,126.54798461735386,123.18311405886283,0.29806701789209455,0.4753958851848879,48.71794119387554,10.620000000000001,4.0,Quarterly,2026-02-12,0.08349056804082543,,,,,102.0,,,,0.0,GB00B188SR50,0.08349056804082543
CMPI.L,CMPI,CT GLOBAL MANAGED PORTFOLIO TST PLC,LSE,LSE,GBX,129.0,-0.09691629955947134,127.82793232585345,125.73288048850816,120.2461153727864,1.1427303969309435,0.8935623938422077,58.62068965517242,7.699999999999999,4.0,Quarterly,2025-12-11,0.05968992248062015,,,,,102.0,,,,0.0,GB00B2PP3J36,0.05968992248062015
ZIG.L,ZIG,ZIGUP PLC,LSE,LSE,GBX,397.0,-0.1659751037344398,385.424318568703,376.9361595016478,350.9133894143403,3.902322923187853,2.933803452007619,80.0,26.400000000000002,2.0,Semi-Annual,2025-12-11,0.06649874055415618,,,,,103.0,,,,0.0,GB00B41H7391,0.06649874055415618
PHNX.L,PHNX,PHOENIX GROUP HOLDINGS PLC,LSE,LSE,GBX,738.5,-0.13798977853492334,738.9943190471586,725.3497455951481,670.9962478305231,3.355006589257414,4.932083455498692,59.62732919254658,54.7,2.0,Semi-Annual,2025-09-25,0.07406905890318213,,,,,104.0,,,,0.0,GB00BGXQNP29,0.07406905890318213
HHI.L,HHI,HENDERSON HIGH INCOME TRUST PLC,LSE,LSE,GBX,201.0,-0.11566617862371886,197.85592947833604,193.40894287033169,184.5374458524582,2.697033804702386,2.41608784458715,63.291139240506325,10.899999999999999,4.0,Quarterly,2025-12-11,0.05422885572139303,,,,,107.0,,,,0.0,GB0009580571,0.05422885572139303
SUPR.L,SUPR,SUPERMARKET INCOME REIT PLC,LSE,LSE,GBX,85.80000305175781,-0.11635951323058258,84.27382504677976,82.93281495303692,80.07568843550229,0.6158723466377438,0.610365384975871,53.333367241753464,6.15,4.0,Quarterly,2026-01-29,0.07167831912884767,,,,,108.0,,,,0.0,GB00BF345X11,0.07167831912884767
DIVI.L,DIVI,DIVERSE INCOME TRUST (THE) PLC,LSE,LSE,GBX,116.0,-0.1101695059086184,113.34427892282375,109.94241456878139,104.21631410525639,2.0884625079743557,1.9817108081503696,75.0,4.550000000000001,4.0,Quarterly,2025-12-18,0.03922413793103449,,,,,108.5,,,,0.0,GB00B65TLW28,0.03922413793103449
CSN.L,CSN,CHESNARA PLC,LSE,LSE,GBX,307.0,-0.12499985097484723,305.81641513489234,298.50219472036935,276.03876575180936,2.8887280809993854,3.335107741497166,55.81395348837209,21.6654,2.0,Semi-Annual,2025-09-04,0.07057133550488599,,,,,108.5,,,,0.0,GB00B00FPT80,0.07057133550488599
NRR.L,NRR,NEWRIVER REIT PLC,LSE,LSE,GBX,73.9000015258789,-0.17288558783677155,72.26178866116676,71.30017774668346,71.55304780547556,0.837665122302937,0.6845627477062172,66.66666666666666,6.6,2.0,Semi-Annual,2025-12-11,0.08930987636974212,,,,,109.0,,,,0.0,GB00BD7XPJ64,0.08930987636974212
RKT.L,RKT,RECKITT BENCKISER GROUP PLC,LSE,LSE,GBX,6468.0,-0.14488744116832775,6324.509872162233,6268.848557564927,5937.625568663935,25.19997605356366,9.623370268975972,63.82941226959529,459.4792,3.0,Irregular,2026-02-02,0.07103883735312307,,,,,109.0,,,,1.0,GB00B24CGK77,0.07103883735312307
HICL.L,HICL,HICL INFRASTRUCTURE PLC,LSE,LSE,GBX,118.4000015258789,-0.12939295002490525,117.6476780547837,117.4132611624307,117.64888745067918,0.17052177048319095,0.15752166463787456,56.33803346614916,8.3,4.0,Quarterly,2025-11-27,0.07010135044792085,,,,,110.0,,,,0.0,GB00BJLP1Y77,0.07010135044792085
PCTN.L,PCTN,PICTON PROPERTY INCOME LD,LSE,LSE,GBX,89.0999984741211,-0.12942610838379154,83.58342981549157,80.47391593197638,76.72358131516914,2.123767812885575,1.763651397754432,75.20660844366006,3.8,4.0,Quarterly,2026-02-05,0.04264871004575496,,,,,111.0,,,,0.0,GB00B0LCW208,0.04264871004575496
MRCH.L,MRCH,MERCHANTS TRUST PLC,LSE,LSE,GBX,648.0,-0.12867647058823528,633.4657501754034,612.9344823566028,577.5736541621783,11.74684381640725,11.24038938380688,71.01449275362319,29.2999991,4.0,Quarterly,2026-02-05,0.04521604799382716,,,,,112.0,,,,0.0,GB0005800072,0.04521604799382716
IMB.L,IMB,IMPERIAL BRANDS PLC,LSE,LSE,GBX,3288.0,-0.15467511885895402,3188.3983732799907,3145.971300452664,3059.02677863364,58.57261313214667,36.647366560445185,78.79417879417879,174.49999400000002,4.0,Quarterly,2025-11-27,0.05307177433090025,,,,,112.0,,,,1.0,GB0004544929,0.05307177433090025
SWEF.L,SWEF,STARWOOD EUROPEAN REAL EST FIN LD,LSE,LSE,GBX,89.0,-0.08791208791208793,90.23562557740331,89.5185937352197,88.42408742716778,0.34815584540676525,0.5367342769146528,50.0,5.5,4.0,Quarterly,2026-02-05,0.06179775280898876,,,,,116.0,,,,0.0,GG00BW5S7K10,0.06179775280898876
CTY.L,CTY,CITY OF LONDON INVESTMENT TRUST PLC,LSE,LSE,GBX,562.0,-0.10054644808743174,552.4866829633236,540.4792699862804,509.3525514098229,6.2991692616723185,6.109266584008615,69.23076923076923,21.6,4.0,Quarterly,2026-01-22,0.03843416370106762,,,,,117.0,,,,0.0,GB0001990497,0.03843416370106762
AAIF.L,AAIF,ABERDEEN ASIAN INCOME FUND LIMITED,LSE,LSE,GBX,287.0,-0.1651785714285714,280.0105445786252,272.3543324585677,251.52188603134036,3.8324860256652755,3.54834470335288,76.08695652173913,16.2400001,4.0,Quarterly,2026-01-22,0.05658536620209059,,,,,118.0,,,,0.0,GB00B0P6J834,0.05658536620209059
BWRA.L,BWRA,BRISTOL WATER PLC,LSE,LSE,GBX,143.5,-0.05102040816326525,143.73093134533994,143.34462894429103,140.70851754102245,-0.004503306027601184,0.11833729063342083,44.444444444444436,8.75,2.0,Semi-Annual,2025-09-04,0.06097560975609756,,,,,118.0,,,,0.0,GB0001257988,0.06097560975609756
HSD.L,HSD,HANSARD GLOBAL PLC,LSE,LSE,GBX,50.599998474121094,-0.1495145779211544,50.9231883933124,49.67301337939907,48.734785899712236,0.7060250083592692,0.8161972627256173,53.55450134147135,4.4499999,2.0,Semi-Annual,2025-10-02,0.08794466470736974,,,,,122.0,,,,0.0,IM00B1H1XF89,0.08794466470736974
CHI.L,CHI,CT UK HIGH INCOME TRUST PLC,LSE,LSE,GBX,117.0,-0.09909909909909909,116.53086648864839,114.17330124904979,108.2684613484566,1.1704315224562407,0.9980246482815506,55.81395348837209,5.8500000000000005,4.0,Quarterly,2026-01-08,0.05,,,,,122.5,,,,0.0,GB00B1N4G299,0.05
JAGI.L,JAGI,JPMORGAN ASIA GROWTH & INCOME PLC,LSE,LSE,GBX,507.0,-0.1564885496183206,492.62013126706574,474.0238786239132,433.3782939274789,10.555931356456483,9.944480458686442,71.68141592920354,26.7000004,4.0,Quarterly,2026-01-15,0.05266272268244576,,,,,124.0,,,,0.0,GB0001320778,0.05266272268244576
PHP.L,PHP,PRIMARY HEALTH PROPERTIES PLC,LSE,LSE,GBX,107.9000015258789,-0.15410625070765394,104.06450637923975,101.39991695437787,96.94811375326654,1.1605263373417358,1.1540476003922713,61.8705067561263,7.1500002,4.0,Quarterly,2026-01-29,0.06626506115743783,,,,,126.0,,,,0.0,GB00BYRJ5J14,0.06626506115743783
SERE.L,SERE,SCHRODER EUROPEAN REIT PLC,LSE,LSE,GBX,63.400001525878906,-0.14164306255141867,63.61346868838914,63.35869520032568,64.50774263566618,0.20549733613451338,0.2200866626576789,48.75001668933237,5.1244,4.0,Quarterly,2026-01-08,0.08082649647742197,,,,,129.0,,,,0.0,GB00BY7R8K77,0.08082649647742197
AIRE.L,AIRE,ALTERNATIVE INCOME REIT PLC,LSE,LSE,GBX,78.9000015258789,-0.162269163015193,77.50648184173465,75.74201839184539,73.03321744730097,0.9973104181154184,0.8636383837836714,56.05095850922646,5.9000002,4.0,Quarterly,2026-02-12,0.07477820134217389,,,,,130.0,,,,0.0,GB00BDVK7088,0.07477820134217389
LWI.L,LWI,LOWLAND INV CO PLC,LSE,LSE,GBX,177.0,-0.14232209737827717,172.68827206552922,166.02230733963228,153.02086457710067,3.8921807718807315,3.80061921342321,81.81818181818181,6.625,4.0,Quarterly,2025-12-29,0.03742937853107345,,,,,131.0,,,,0.0,GB00BNXGHS27,0.03742937853107345
SHRS.L,SHRS,SHIRES INCOME PLC,LSE,LSE,GBX,327.0,-0.1328125,321.44010120451003,311.963789078055,288.5221142182752,4.931526472727853,4.609911387979822,60.215053763440864,15.250000100000001,4.0,Quarterly,2026-01-02,0.04663608593272171,,,,,137.0,,,,0.0,GB0008052507,0.04663608593272171
AEI.L,AEI,ABERDEEN EQUITY INCOME TRUST PLC,LSE,LSE,GBX,425.0,-0.14391691394658757,422.24042089152454,410.92403885838655,381.42174545096157,5.139619545620974,5.991311115369673,60.0,23.0,4.0,Quarterly,2025-12-11,0.05411764705882353,,,,,138.5,,,,0.0,GB0006039597,0.05411764705882353
PINT.L,PINT,PANTHEON INFRASTRUCTURE PLC,LSE,LSE,GBX,113.5,-0.10619469026548678,112.916524251713,110.79724864293996,105.6639135350653,0.9446452799336953,1.1013719542570928,60.869565217391305,4.273,2.0,Semi-Annual,2025-10-02,0.03764757709251101,,,,,140.5,,,,0.0,GB00BLNNFL88,0.03764757709251101
VIP.L,VIP,VALUE AND INDEXED PROP INC TRUST,LSE,LSE,GBX,197.0,-0.13953488372093026,201.73112669861905,201.07421009143917,198.77008336475265,-0.18958135102775486,0.30433325329115124,41.9753086419753,14.2,4.0,Quarterly,2025-12-29,0.07208121827411167,,,,,144.0,,,,0.0,GB0008484718,0.07208121827411167
PCA.L,PCA,PALACE CAPITAL PLC,LSE,LSE,GBX,215.0,-0.174468085106383,212.66584805577293,210.80496146636,214.51938081892027,1.6191622052305092,1.5288849576291983,59.375,15.0000008,4.0,Quarterly,2025-12-18,0.06976744558139535,,,,,145.0,,,,0.0,GB00BF5SGF06,0.06976744558139535
HFEL.L,HFEL,HENDERSON FAR EAST INCOME LD,LSE,LSE,GBX,251.5,-0.1685589786179722,249.4987881844203,246.25526394486775,237.1193025383676,1.5167138032748255,1.4126087477567268,47.61904761904762,24.95,4.0,Quarterly,2026-01-29,0.09920477137176938,,,,,146.0,,,,0.0,JE00B1GXH751,0.09920477137176938
SRE.L,SRE,SIRIUS REAL ESTATE LD,LSE,LSE,GBX,103.4000015258789,-0.14426690088333904,100.03347390315858,98.81683130221803,95.86596945155809,0.9693223231455335,0.6409208457930123,59.19541464659464,5.406499999999999,2.0,Semi-Annual,2025-12-11,0.052287233270947905,,,,,146.0,,,,0.0,GG00B1W3VF54,0.052287233270947905
TMPL.L,TMPL,TEMPLE BAR INV TST PLC,LSE,LSE,GBX,399.0,-0.14991762767710048,390.23525464933033,381.77628442636535,353.3698992834813,5.341388651554155,4.4157386378929875,77.94117647058823,14.2500006,4.0,Quarterly,2025-11-20,0.035714287218045114,,,,,147.0,,,,0.0,GB00BMV92D64,0.035714287218045114
BRLA.L,BRLA,BLACKROCK LATIN AMERICAN INV TSTPLC,LSE,LSE,GBX,485.0,-0.13384615384615384,473.8805731663929,443.5038329401021,388.65851986220787,16.867060897124418,17.733899924800188,61.84210526315789,19.8287003,4.0,Quarterly,2026-01-15,0.0408839181443299,,,,,147.0,,,,0.0,GB0005058408,0.0408839181443299
MPE.L,MPE,M. P. EVANS GROUP PLC,LSE,LSE,GBX,1525.0,-0.16249999999999998,1357.0232320557332,1306.4966536342183,1245.6472126184303,55.89438841298352,32.59386631438919,82.6086956521739,55.5,2.0,Semi-Annual,2025-10-09,0.03639344262295082,,,,,148.0,,,,0.0,GB0007538100,0.03639344262295082
CTUK.L,CTUK,CT UK CAP AND INC INV TRUST PLC,LSE,LSE,GBX,364.0,-0.14328358208955227,355.72722876516696,348.94137134750486,339.4534048558594,4.650188592633583,3.763724822658612,73.33333333333333,12.9999996,4.0,Quarterly,2025-12-11,0.03571428461538462,,,,,148.0,,,,0.0,GB0003463287,0.03571428461538462
ZEG.L,ZEG,ZEGONA COMMUNICATIONS PLC,LSE,LSE,GBX,1630.0,-0.18297872340425536,1594.996936261208,1496.373984905631,1188.8444351213382,47.517220777499915,50.070493843777506,51.35135135135135,161.97542,1.0,Annual,2025-12-18,0.09937142331288344,,,,,149.0,,,,0.0,GB00BVGBY890,0.09937142331288344
BBOX.L,BBOX,TRITAX BIG BOX REIT PLC,LSE,LSE,GBX,172.6999969482422,-0.16922057376704214,164.39832754148932,158.81097728820214,150.3321620393688,3.027899456009834,2.7573929226071487,70.76919104223708,7.93,4.0,Quarterly,2025-11-06,0.04591777730243159,,,,,150.0,,,,0.0,GB00BG49KP99,0.04591777730243159
SCF.L,SCF,SCHRODER INCOME GROWTH FUND PLC,LSE,LSE,GBX,359.0,-0.14429530201342278,355.6635437950482,349.1832075785563,328.18707216176256,2.666471643961529,2.7822967173668007,65.625,14.7,4.0,Quarterly,2025-12-29,0.04094707520891365,,,,,151.0,,,,0.0,GB0007915860,0.04094707520891365
AEP.L,AEP,AEP PLANTATIONS PLC,LSE,LSE,GBX,1485.0,-0.09285714285714286,1469.2590826193778,1423.4989924445124,1208.2829080293202,19.795888834483776,24.50967434673342,46.0,65.728402,2.0,Semi-Annual,2025-10-16,0.04426155016835017,,,,,152.0,,,,0.0,GB0000365774,0.04426155016835017
ORCH.L,ORCH,ORCHARD FUNDING GROUP PLC,LSE,LSE,GBX,61.0,-0.19402985074626866,60.38801866700204,59.989112646439,54.8994389847924,0.2667545799248643,0.18744058198086408,75.0,3.0,2.0,Semi-Annual,2025-12-04,0.04918032786885246,,,,,153.5,,,,0.0,GB00BYZFM569,0.04918032786885246
CLIG.L,CLIG,CITY OF LONDON INVESTMENT GROUP PLC,LSE,LSE,GBX,390.0,-0.1646778042959427,387.0308289050108,383.3856183161557,373.62221061971735,0.247389513881501,1.5351850898985544,43.055555555555564,33.0,2.0,Semi-Annual,2025-09-25,0.08461538461538462,,,,,154.0,,,,0.0,GB00B104RS51,0.08461538461538462
JCH.L,JCH,JPMORGAN CLAVERHOUSE IT PLC,LSE,LSE,GBX,882.0,-0.12234042553191493,880.2788978474894,868.6539668488452,824.3656912642219,3.4023822097408356,4.267242879811871,54.285714285714285,36.2,4.0,Quarterly,2026-01-29,0.04104308390022676,,,,,155.0,,,,0.0,GB0003422184,0.04104308390022676
AGVI.L,AGVI,ABERFORTH GEARED VALUE & INCOME TRU,LSE,LSE,GBX,88.5,-0.1709844231871145,85.89087996998185,84.24652568484986,81.9626559926921,1.1571308888810705,1.0897472901512355,53.793103448275865,5.91,2.0,Semi-Annual,2026-02-05,0.06677966101694915,,,,,160.0,,,,0.0,GB00BPJMQ253,0.06677966101694915
MUT.L,MUT,MURRAY INCOME TRUST PLC,LSE,LSE,GBX,932.0,-0.12223515715948774,929.1436840673523,921.8197245725794,897.8268972101087,3.1340766992628915,3.5843800118130793,50.0,40.0,4.0,Quarterly,2026-02-12,0.04291845493562232,,,,,160.0,,,,0.0,GB0006111123,0.04291845493562232
BATS.L,BATS,BRITISH AMERICAN TOBACCO PLC,LSE,LSE,GBX,4354.0,-0.15023901661734573,4384.876889695893,4295.680582410652,3974.482581484348,48.11424076070216,59.26994547875297,53.22128851540616,240.24,4.0,Quarterly,2025-12-29,0.055176848874598075,,,,,162.0,,,,1.0,GB0002875804,0.055176848874598075
BRK.L,BRK,BROOKS MACDONALD GROUP PLC,LSE,LSE,GBX,1675.0,-0.16223404255319152,1655.3974295372896,1651.2893989395081,1652.052177745594,13.755947855949671,8.586901692098543,56.86274509803922,81.000002,2.0,Semi-Annual,2025-09-18,0.048358210149253726,,,,,165.5,,,,0.0,GB00B067N833,0.048358210149253726
PNN.L,PNN,PENNON GROUP PLC,LSE,LSE,GBX,583.5,-0.1863979616512419,556.0391795369311,541.9941542649028,510.23263043288335,8.521995286396418,6.202392077064159,67.51269035532995,28.689999999999998,2.0,Semi-Annual,2026-01-29,0.0491688089117395,,,,,166.0,,,,0.0,GB00BNNTLN49,0.0491688089117395
BRAI.L,BRAI,BLACKROCK AMERICAN INCOME TRUST PLC,LSE,LSE,GBX,236.0,-0.15330188679245282,237.00803253042534,231.8137451562497,217.72212901006273,1.8646226032250866,2.3410837030350695,44.18604651162791,15.250000199999999,5.0,Irregular,2026-02-12,0.06461864491525424,,,,,167.0,,,,0.0,GB00B7W0XJ61,0.06461864491525424
TPT.L,TPT,TOPPS TILES PLC,LSE,LSE,GBX,43.29999923706055,-0.19999999999999996,42.9852422308032,42.50983408969134,39.23825789650677,-0.02940725940207045,-0.08086330532224417,56.249998344315166,2.9000000000000004,2.0,Semi-Annual,2025-12-18,0.0669745970230384,,,,,169.0,,,,0.0,GB00B18P5K83,0.0669745970230384
LAND.L,LAND,LAND SECURITIES GROUP PLC,LSE,LSE,GBX,644.0,-0.1669291338582677,650.8748370499743,635.7475732620143,609.1030641748033,7.230121437587741,9.00881878941469,49.504950495049506,40.8,3.0,Irregular,2025-11-27,0.06335403726708073,,,,,172.0,,,,0.0,GB00BYW0PQ60,0.06335403726708073
BRFI.L,BRFI,BLACKROCK FR,LSE,LSE,GBX,193.0,-0.1651234567901234,189.6879249157506,184.53750078676777,172.58592701913946,2.9393533625890598,2.6939963686373654,64.1025641025641,7.435,2.0,Semi-Annual,2026-01-02,0.03852331606217616,,,,,173.0,,,,0.0,GB00B3SXM832,0.03852331606217616
CKI.L,CKI,CK INFRASTRUCTURE HOLDINGS LIMITED,LSE,LSE,GBX,592.0,-0.13414855337809617,585.0176094428595,564.3151142825028,531.4637206333912,8.572955611357429,10.428179152295,51.807228915662655,24.273480000000003,2.0,Semi-Annual,2025-09-10,0.041002500000000004,,,,,173.0,,,,0.0,BMG2178K1009,0.041002500000000004
WIX.L,WIX,WICKES GROUP PLC,LSE,LSE,GBX,237.5,-0.16465515925966456,232.34339244463558,230.30099919113547,218.27954943092612,1.2519371931475405,0.5408908812604747,56.86274509803922,10.8999997,2.0,Semi-Annual,2025-10-02,0.04589473557894737,,,,,173.5,,,,0.0,GB00BL6C2002,0.04589473557894737
JUGI.L,JUGI,JPMORGAN UK SMALL CAP GROWTH & INC,LSE,LSE,GBX,353.0,-0.1785714285714286,344.7651050625898,334.65059518037907,322.82693352504793,6.455933515740412,6.195265319497697,65.27777777777777,14.779999799999999,4.0,Quarterly,2025-11-20,0.041869687818696884,,,,,176.0,,,,0.0,GB00BF7L8P11,0.041869687818696884
GFTU.L,GFTU,GRAFTON GROUP PLC,LSE,LSE,GBX,985.2000122070312,-0.17501445321066655,956.0173870090138,943.221325035791,928.975233895852,11.703728671791168,7.068203067711972,68.00584403975267,37.249998000000005,2.0,Semi-Annual,2025-09-11,0.03780957931227902,,,,,177.0,,,,0.0,IE00B00MZ448,0.03780957931227902
RIO.L,RIO,RIO TINTO PLC,LSE,LSE,GBX,7187.0,-0.19036381514257616,6838.028073399376,6351.109093942077,5454.419495755872,265.72024961221905,253.14151905468196,69.05294556301268,284.5675,2.0,Semi-Annual,2025-08-14,0.03959475441769862,,,,,180.0,,,,1.0,GB0007188757,0.03959475441769862
SGRO.L,SGRO,SEGRO PLC,LSE,LSE,GBX,794.2000122070312,-0.181022723536454,759.8700343060569,736.7911126001801,701.8825946160043,14.402272617005337,11.85663073832205,69.94329729489618,29.900001,2.0,Semi-Annual,2025-08-07,0.037647948300718104,,,,,180.0,,,,0.0,GB00B5ZN1N88,0.037647948300718104
SREI.L,SREI,SCHRODER REAL ESTATE INV. TST. LD,LSE,LSE,GBX,55.79999923706055,-0.1807116338976561,55.874648001332496,55.15581250940425,53.02103253661282,0.15909105424724856,0.2775059026495431,46.15384615384615,3.58799984,4.0,Quarterly,2025-12-04,0.06430107328060619,,,,,188.0,,,,0.0,GB00B01HM147,0.06430107328060619
MTU.L,MTU,MONTANARO UK SMLR COS INV TST PLC,LSE,LSE,GBX,104.5,-0.175586825805091,104.47155723280312,103.09247509657273,101.58257481792832,0.5415730236564968,0.7403961963265312,41.66666666666667,6.6000002,4.0,Quarterly,2026-01-15,0.06315789665071771,,,,,192.0,,,,0.0,GB00BZ1H9L86,0.06315789665071771
IPF.L,IPF,INTERNATIONAL PERSONAL FINANCE PLC,LSE,LSE,GBX,237.0,-0.19358972402719354,234.8904040712075,228.3368715105086,201.03942266802093,1.80635292756196,2.30450111909483,55.55555555555556,11.8,2.0,Semi-Annual,2025-08-28,0.04978902953586498,,,,,195.0,,,,0.0,GB00B1YKG049,0.04978902953586498
BEG.L,BEG,BEGBIES TRAYNOR GROUP PLC,LSE,LSE,GBX,118.5,-0.14342629482071712,118.33109899944628,116.67339238560997,112.1063224895156,0.5687780669249776,0.9023987595629501,45.16129032258065,4.3,2.0,Semi-Annual,2025-10-09,0.036286919831223625,,,,,209.0,,,,0.0,GB00B0305S97,0.036286919831223625
CYN.L,CYN,CQS NATURAL RES GROWTH & INCOME PLC,LSE,LSE,GBX,402.0,-0.18380062305295952,392.71095716413384,368.81737131641864,295.33318382387347,6.602181650947898,8.260351294221092,41.269841269841265,18.53,4.0,Quarterly,2026-02-05,0.04609452736318408,,,,,225.0,,,,0.0,GB0000353929,0.04609452736318408
BGEO.L,BGEO,LION FINANCE GROUP PLC,LSE,LSE,GBX,9700.0,-0.17638888888888893,9803.538695420446,9411.777294794341,8048.096361343021,123.72117379021984,184.72987846576996,48.1159420289855,363.0553,3.0,Irregular,2025-12-18,0.03742838144329897,,,,,230.0,,,,3.0,GB00BF4HYT85,0.03742838144329897
RFX.L,RFX,RAMSDENS HOLDINGS PLC,LSE,LSE,GBX,430.0,-0.1806451612903226,419.20805399671497,399.7322186082721,350.1566880661582,7.4252191290466385,7.929830386893762,40.90909090909091,16.0,2.0,Semi-Annual,2026-02-12,0.037209302325581395,,,,,245.0,,,,0.0,GB00BDR6V192,0.037209302325581395
