ticker_yf,Symbol,Company Name,exchange,market,Currency,last_close,max_drawdown,EMA_20,EMA_52,EMA_200,MACD,MACD_signal,RSI_14,dividend_ttm,payments_ttm,div_freq,last_div_date,div_yield_ttm,next_earnings_date,eps_estimate,reported_eps,surprise_pct
ELME,ELME,Elme Communities Common Stock,NYSE,NYSE,USD,2.180000066757202,-0.8769230666819979,3.4479896136242667,7.85670055741535,13.54530071148995,-1.9340751588653333,-2.4450305618133195,41.935483870967744,15.21,4.0,Quarterly,2026-01-08,6.977064006527857,,0.01,-0.04,-500.0
NLOP,NLOP,Net Lease Office Properties Common Shares of Beneficial Interest,NYSE,NYSE,USD,19.799999237060547,-0.4521354944482392,19.84720359713117,22.09769244544158,27.11466069355499,-0.6619693840325915,-0.9562172297150304,72.90076752669745,12.299999999999999,3.0,Irregular,2026-01-02,0.6212121451488511,,,,
MVO,MVO,MV Oil Trust Units of Beneficial Interests,NYSE,NYSE,USD,1.4600000381469727,-0.8430769260113056,1.5070688686500109,1.8312371203826296,3.6708850813559826,-0.05174275786950333,-0.039844406087719816,40.20619025480183,0.805,4.0,Quarterly,2026-01-16,0.5513698486074723,,0.57,0.6,5.26
AIV,AIV,Apartment Investment and Management Company Common Stock,NYSE,NYSE,USD,5.820000171661377,-0.419603521452946,5.876308139822373,5.914679549877959,6.839627299012133,0.0015722362834873493,0.011854214595126759,48.3333346578812,2.23,1.0,Annual,2025-10-16,0.38316150072611155,,,-0.01,
ECC,ECC,Eagle Point Credit Company Inc. Common Stock,NYSE,NYSE,USD,4.46999979019165,-0.4954853314443549,5.1639277228473315,5.549551651418691,6.500610366037149,-0.2974306284042205,-0.21770259306599626,21.487613076366813,1.6800000000000002,12.0,Monthly,2026-02-09,0.3758389438152458,,0.41,,
HUYA,HUYA,"HUYA Inc. American depositary shares, each  representing one Class A ordinary share",NYSE,NYSE,USD,4.28000020980835,-0.4889867945514528,4.180423001998136,3.7103865192395835,3.4341036956512543,0.2921676122450121,0.3199029187209209,63.39623235646189,1.47,1.0,Annual,2025-07-01,0.34345792708870543,,-0.21,0.02,109.64
SPMC,SPMC,"Sound Point Meridian Capital, Inc. Common Stock",NYSE,NYSE,USD,11.010000228881836,-0.50203528154915,13.101042066783398,13.931134466586354,16.28005183315817,-0.6404609204081737,-0.3569102893050856,12.442907436289417,2.99,12.0,Monthly,2026-02-13,0.2715712931736843,,0.57,0.86,49.57
ECAT,ECAT,BlackRock ESG Capital Allocation Term Trust Common Shares of Beneficial Interest,NYSE,NYSE,USD,15.220000267028809,-0.17153072728255891,15.472437743953666,15.633393854006117,15.991090270519324,-0.07892067229846944,-0.07682181956529541,39.86486181714847,3.479,12.0,Monthly,2026-02-13,0.22858081070711816,,,,
RC,RC,Ready Capital Corporation Common Stock,NYSE,NYSE,USD,1.690000057220459,-0.7604617593447528,2.0081221635167443,2.254547295980724,3.4030329397001076,-0.13335447340300055,-0.08927399898818816,19.565215137820203,0.385,4.0,Quarterly,2025-12-31,0.22781064317430205,,0.43,0.42,-1.18
PDX,PDX,PIMCO Dynamic Income Strategy Fund Common Shares of Beneficial Interest,NYSE,NYSE,USD,20.110000610351562,-0.28355898706138827,20.075255488576964,20.437861628752614,22.228454190664014,0.02823309773773275,-0.018124237915518343,57.40742703040643,4.566000000000001,13.0,Monthly,2026-02-12,0.22705121140820184,,,,
BCAT,BCAT,BlackRock Capital Allocation Term Trust Common Shares of Beneficial Interest,NYSE,NYSE,USD,14.949999809265137,-0.15167098629228049,14.801085107947673,14.63516911063153,14.727263627415313,0.1469621054527419,0.11643802951928317,59.72220290592211,3.265,12.0,Monthly,2026-02-13,0.21839465161575078,,,,
XFLT,XFLT,XAI Octagon Floating Rate & Alternative Income Trust Common Shares of Beneficial Interest,NYSE,NYSE,USD,4.070000171661377,-0.37941631032063083,4.330115142035387,4.530535330129044,5.099389310407477,-0.15152703008729684,-0.11538085393634617,10.606081404732677,0.8580000000000001,12.0,Monthly,2026-01-15,0.21081080191939253,,,,
FSK,FSK,FS KKR Capital Corp. Common Stock,NYSE,NYSE,USD,13.319999694824219,-0.4700748012048799,13.684802186716288,14.333142216715917,16.888121346572106,-0.35607456691284867,-0.372375271481968,32.39436714310084,2.8,4.0,Quarterly,2025-12-03,0.21021021502635634,,0.74,0.78,4.98
PDCC,PDCC,Pearl Diver Credit Company Inc. Common Stock,NYSE,NYSE,USD,12.680000305175781,-0.39359156395474104,13.648221090106306,14.251895070879101,16.11315631719888,-0.2827369005773708,-0.2351734629554349,14.454996251406087,2.64,12.0,Monthly,2026-02-13,0.20820188773358253,,,,
GSBD,GSBD,"Goldman Sachs BDC, Inc. Common Stock",NYSE,NYSE,USD,9.229999542236328,-0.32631579626677387,9.355008456212662,9.500384046574233,10.414072385416803,-0.024802556368168638,-0.037784352085918745,41.79104158941792,1.88,7.0,Irregular,2025-12-31,0.20368365040508946,,0.53,0.45,-15.06
ORC,ORC,"Orchid Island Capital, Inc. Common Stock",NYSE,NYSE,USD,7.53000020980835,-0.32174886334210673,7.7071847039928105,7.6237398645712595,7.5055528065221875,-0.05478859043285489,0.01775919633323469,26.81160897573004,1.44,12.0,Monthly,2026-01-30,0.19123505443257488,,0.3,-0.09,-130.0
TPVG,TPVG,TriplePoint Venture Growth BDC Corp. Common Stock,NYSE,NYSE,USD,5.650000095367432,-0.3562654115344678,5.953322468983936,6.147123761444341,6.43355175960189,-0.2115191803116101,-0.17723958027464892,25.87410488758472,1.08,4.0,Quarterly,2025-12-16,0.19115043925141126,,0.4,0.51,28.88
CION,CION,CION Investment Corporation Common Stock,NYSE,NYSE,USD,8.640000343322754,-0.31155376796716683,9.042681797594366,9.348939952182375,9.882769277177562,-0.22911900890265713,-0.19656386781946444,25.547423406666525,1.64,6.0,Irregular,2026-02-13,0.18981480727225203,,0.31,0.45,45.16
QVCD,QVCD,"QVC, Inc. 6.375% Senior Secured Notes due 2067",NYSE,NYSE,USD,8.489999771118164,-0.38486058383560817,8.525353598535053,8.84645173548488,9.69219958545801,-0.07739628638435647,-0.11703401850218752,53.43510227793493,1.592,4.0,Quarterly,2025-12-01,0.18751472825897708,,,,
PNNT,PNNT,PennantPark Investment Corporation Common Stock,NYSE,NYSE,USD,5.159999847412109,-0.30645163874637715,5.641099130849204,5.8814890921035055,6.416862361792018,-0.18484855462252536,-0.1184656443036825,17.7966087996638,0.96,12.0,Monthly,2026-01-16,0.1860465171295437,,0.2,0.26,31.65
QVCC,QVCC,"QVC, Inc. 6.250% Senior Secured Notes due 2068",NYSE,NYSE,USD,8.489999771118164,-0.39711766630927425,8.45655753351437,8.770774705255345,9.618140084315161,-0.06354164773558146,-0.11390898680228273,56.208609827024254,1.564,4.0,Quarterly,2025-12-01,0.18421673052577897,,,,
ZIM,ZIM,ZIM Integrated Shipping Services Ltd. Ordinary Shares,NYSE,NYSE,USD,22.200000762939453,-0.4710930279599743,21.605844019269654,20.731988791149853,18.22787044455793,-0.012749915535998468,0.11506332529745542,44.80875441790948,3.91,2.0,Semi-Annual,2025-06-02,0.1761261200732628,,12.84,11.07,-13.76
ABR,ABR,Arbor Realty Trust Common Stock,NYSE,NYSE,USD,7.71999979019165,-0.4638728327682492,7.769018246428272,8.220812437840742,10.003194811766788,-0.12076652473949334,-0.13181895593657322,50.49019527637018,1.33,4.0,Quarterly,2025-11-14,0.17227979742820468,,0.35,0.41,16.48
IVR,IVR,INVESCO MORTGAGE CAPITAL INC Common Stock,NYSE,NYSE,USD,8.710000038146973,-0.2935267972370267,8.84079554764842,8.611068472317836,8.148802914429066,0.04405689047173489,0.07580271952849346,46.15385085638096,1.5,5.0,Irregular,2026-01-26,0.17221584310338542,,0.87,1.46,67.96
SRV,SRV,NXG Cushing Midstream Energy Fund Common Shares of Beneficial Interest,NYSE,NYSE,USD,43.849998474121094,-0.2439384275854969,41.40476927564553,40.95657960579377,42.12244947687594,0.8004746641114906,0.4784787856600923,89.6685752528257,7.54,13.0,Monthly,2026-01-16,0.17194983494582955,,0.4,,
IIPR,IIPR,"Innovative Industrial Properties, Inc. Common Stock",NYSE,NYSE,USD,45.93000030517578,-0.39707870761321507,48.22347679209526,49.61327042187015,54.03053420761589,-0.9807282345429797,-0.7444449413709626,33.51649457223438,7.6,4.0,Quarterly,2025-12-31,0.16546919114963662,,1.31,1.43,9.37
LFT,LFT,"Lument Finance Trust, Inc. Common Stock",NYSE,NYSE,USD,1.3300000429153442,-0.5406360468682077,1.3556199721779185,1.4331021965710253,1.8529771870586385,-0.030771551690599308,-0.029017895650413343,47.916669771073586,0.22,4.0,Quarterly,2025-12-31,0.165413528497159,,0.05,,-100.0
FBRT,FBRT,"Franklin BSP Realty Trust, Inc. Common Stock",NYSE,NYSE,USD,8.850000381469727,-0.3571955781888001,9.983579410854647,10.18436354227619,10.83238341010102,-0.20697471320812255,-0.05567673246724826,27.852350711543565,1.42,4.0,Quarterly,2025-12-31,0.1604519704850204,,0.37,0.42,14.13
GHI,GHI,Greystone Housing Impact Investors LP Beneficial Unit Certificates representing assignments of limited partnership interests,NYSE,NYSE,USD,7.699999809265137,-0.5330798445169962,7.683139044611776,7.637524617570621,9.198184133278057,0.06056130883598332,0.10713910248660381,45.83332608971539,1.22,4.0,Quarterly,2025-12-31,0.15844156236627657,,0.81,0.74,-8.54
MNR,MNR,Mach Natural Resources LP Common Units representing Limited Partner Interests,NYSE,NYSE,USD,13.100000381469727,-0.34146338768618023,12.05928540430426,11.82413739995013,12.885099268399536,0.396529789804827,0.25212215795409687,75.50432039048414,1.94,4.0,Quarterly,2025-11-20,0.14809159874103345,,0.08,0.14,75.0
PSBD,PSBD,Palmer Square Capital BDC Inc. Common Stock,NYSE,NYSE,USD,11.350000381469727,-0.28119060108358906,11.639400305982509,11.89724757732221,12.876662121687358,-0.16031555008949994,-0.13737606657573284,33.64486730987768,1.66,4.0,Quarterly,2025-12-29,0.14625550169233073,,0.57,0.81,42.11
MFA,MFA,"MFA Financial, Inc.",NYSE,NYSE,USD,9.890000343322754,-0.25727272033691406,9.764292045629809,9.681887904692315,9.678302753781214,0.01247535014314849,0.020453781127858877,50.0,1.44,4.0,Quarterly,2025-12-31,0.14560161274131986,,-0.82,-0.62,24.08
BGS,BGS,"B&G Foods, Inc. Common Stock",NYSE,NYSE,USD,5.230000019073486,-0.5019059551084771,4.761327854532822,4.574722365388489,4.726861892235658,0.2187633564377638,0.1355813580344804,80.98593866795792,0.76,4.0,Quarterly,2025-12-31,0.14531548704174513,,0.22,0.4,84.12
FLNG,FLNG,FLEX LNG Ltd. Ordinary Shares,NYSE,NYSE,USD,25.989999771118164,-0.1863929565086122,26.21112501623988,25.99076044759669,25.264537986290343,0.02409735759307452,0.14727887833683295,47.005976739484744,3.75,5.0,Irregular,2025-11-28,0.14428626521833418,,-0.04,0.02,146.51
ARR,ARR,"ARMOUR Residential REIT, Inc.",NYSE,NYSE,USD,18.299999237060547,-0.2716371196689209,17.91337488270174,17.678934437508314,17.06308233752886,-0.022864052230211485,-0.026972694075653326,50.14574811433859,2.6399999999999997,11.0,Monthly,2026-01-15,0.1442623010963607,,0.27,0.27,0.62
DX,DX,"Dynex Capital, Inc. Common Stock",NYSE,NYSE,USD,14.050000190734863,-0.2281553359532702,14.10398590136842,13.978862993817863,13.415248232555573,-0.031105620578452786,0.009814271376255764,36.453195490576235,2.02,12.0,Monthly,2026-01-21,0.14377224004111186,,0.32,0.24,-26.08
PFLT,PFLT,PennantPark Floating Rate Capital Ltd. Common Stock,NYSE,NYSE,USD,8.630000114440918,-0.26182134423316816,9.257991279754203,9.314954656533644,9.705752069986518,-0.11561537614353767,-0.028724445378320283,26.92306886158515,1.236,12.0,Monthly,2026-01-16,0.14322131907411595,,0.35,0.35,0.82
IGR,IGR,CBRE Global Real Estate Income Fund Common Shares of Beneficial Interest,NYSE,NYSE,USD,5.039999961853027,-0.21268662591903464,4.788965413738989,4.699398546222062,4.852517535628602,0.0919946859969425,0.07399744020226323,74.66662767203309,0.72,12.0,Monthly,2026-01-20,0.14285714393840626,,,,
OPP,OPP,"RiverNorth/DoubleLine Strategic Opportunity Fund, Inc. Common Stock",NYSE,NYSE,USD,7.940000057220459,-0.11373701755114063,7.912291329836244,7.942298318635877,8.20718779875006,0.015473472391786203,0.004401714810457061,68.75004967058467,1.1320000000000001,12.0,Monthly,2026-02-13,0.14256926849396992,,,,
PDI,PDI,PIMCO Dynamic Income Fund Common Stock,NYSE,NYSE,USD,18.610000610351562,-0.15112213938124275,18.472586391120306,18.305951521345285,18.671791692902612,0.1939491827719948,0.16368811824536614,68.10348371269359,2.652,12.0,Monthly,2026-02-12,0.14250402541764887,,,,
BCSF,BCSF,"Bain Capital Specialty Finance, Inc. Common Stock",NYSE,NYSE,USD,13.5600004196167,-0.33213948023977746,13.439876564652678,13.64132555267688,14.564345052235117,-0.06549701895460203,-0.1324660686057132,53.38645539426261,1.93218,5.0,Irregular,2025-12-31,0.1424911460330631,,0.4,0.49,22.27
FSCO,FSCO,FS Credit Opportunities Corp. Common Stock,NYSE,NYSE,USD,5.769999980926514,-0.23878627453792722,6.018344047512768,6.189041721323737,6.613517993871594,-0.12276423588684349,-0.1019709072425215,30.208308498040992,0.804,12.0,Monthly,2026-01-23,0.1393414216044587,,,,
VVR,VVR,Invesco Senior Income Trust Common Stock (DE),NYSE,NYSE,USD,3.299999952316284,-0.2265060326793158,3.2919575699629604,3.298254037391798,3.4787923242770447,0.0013620117548249766,0.001475369388507694,46.15384615384615,0.45599999999999996,12.0,Monthly,2026-01-15,0.1381818201784917,,,,
OBDC,OBDC,Blue Owl Capital Corporation Common Stock,NYSE,NYSE,USD,11.470000267028809,-0.30242969258821284,11.886614524584404,12.284849118411206,13.264855974517175,-0.244679970871033,-0.2635730745999324,37.68545716953901,1.56,7.0,Irregular,2025-12-31,0.13600697155032437,,0.46,0.48,4.35
SPE,SPE,"Special Opportunities Fund, Inc Common Stock",NYSE,NYSE,USD,15.039999961853027,-0.14322412241135918,14.968700946826305,15.041717427651108,15.21588592279592,-0.007448586643468147,-0.02865465333694961,55.17241757302179,2.019,13.0,Monthly,2026-01-20,0.1342420216170829,,,,
TWO,TWO,Two Harbors Investment Corp,NYSE,NYSE,USD,11.399999618530273,-0.3356840709759653,11.746132676199299,11.465920237584266,11.079953104970507,-0.20808303072579015,0.022058053707029797,32.98790216780621,1.52,4.0,Quarterly,2026-01-05,0.13333333779496773,,0.53,0.26,-50.82
NREF,NREF,"NexPoint Real Estate Finance, Inc. Common Stock",NYSE,NYSE,USD,15.079999923706055,-0.23234758592047478,14.764816169088986,14.534283471486503,14.474804173114137,0.14018261806653953,0.1361811037262994,67.90126509251246,2.0,4.0,Quarterly,2025-12-15,0.1326259953659523,,0.4,0.48,20.0
AIO,AIO,Virtus Artificial Intelligence & Technology Opportunities Fund Common Shares of Beneficial Interest,NYSE,NYSE,USD,22.59000015258789,-0.30422753923610646,22.653726424945198,22.818955695306144,23.369734871165168,-0.04783643354547351,-0.05429964142691417,49.36707332678235,2.991,13.0,Monthly,2026-02-12,0.13240371756515254,,,,
MHNC,MHNC,"Maiden Holdings North America, Ltd. 7.75% Notes due 2043",NYSE,NYSE,USD,14.90999984741211,-0.18076927349512817,15.52357745124419,15.873981917833957,16.65197441051607,-0.1224606473716996,-0.1116507100337817,33.139530370657866,1.936,4.0,Quarterly,2026-02-13,0.12984574244217895,,,,
KBDC,KBDC,"Kayne Anderson BDC, Inc. Common Stock",NYSE,NYSE,USD,13.970000267028809,-0.26674105539176696,14.236960041697774,14.479056557022783,15.071842518629877,-0.1695556947410406,-0.1752070792643171,41.74755933157536,1.8,6.0,Irregular,2025-12-31,0.12884752795948448,,0.52,0.52,
NCDL,NCDL,Nuveen Churchill Direct Lending Corp. Common Stock,NYSE,NYSE,USD,14.050000190734863,-0.2661426116369261,13.715539355899475,13.843459149902557,14.876907221236072,0.0748266847324679,-0.032498114065017215,65.4545604296045,1.8,4.0,Quarterly,2025-12-31,0.1281138772643571,,0.62,0.66,6.45
FRA,FRA,Blackrock Floating Rate Income Strategies Fund Inc  Common Stock,NYSE,NYSE,USD,11.630000114440918,-0.14209725738916434,11.774834067046333,11.89534718524169,12.406459665767438,-0.05873329078258038,-0.04734301003965222,29.310361837237366,1.488,12.0,Monthly,2026-02-13,0.12794496864641963,,,,
JQC,JQC,Nuveen Credit Strategies Income Fund Shares of Beneficial Interest,NYSE,NYSE,USD,5.079999923706055,-0.13595710342333245,5.087154232287426,5.092017262963512,5.21716297106797,-0.0025205391779330455,0.0004056028941793684,45.4545060464498,0.648,12.0,Monthly,2026-02-13,0.12755905703385506,,,,
RIV,RIV,"RiverNorth Opportunities Fund, Inc. Common Stock",NYSE,NYSE,USD,11.920000076293945,-0.16103060472822117,11.994299028860798,11.89212902454492,11.810370290431978,0.05082677658974788,0.06277016886261338,45.52242842461562,1.519632,12.0,Monthly,2026-02-13,0.1274859052242951,,,,
BGT,BGT,BlackRock Floating Rate Income Trust,NYSE,NYSE,USD,11.329999923706055,-0.1445312776486385,11.42626248302011,11.467183489061663,11.8752653508105,-0.020904792305767472,-0.007144764892071386,34.999964237093764,1.44,12.0,Monthly,2026-02-13,0.127096205621948,,,,
FMC,FMC,FMC Corporation Common Stock,NYSE,NYSE,USD,14.34000015258789,-0.7259842498061113,15.311118285335919,16.031980466914217,25.355322662713586,-0.008778014524180477,0.16152186818454448,40.303361501346195,1.8199999999999998,4.0,Quarterly,2025-12-31,0.12691771134127572,,2.33,2.37,1.82
MSDL,MSDL,Morgan Stanley Direct Lending Fund Common Stock,NYSE,NYSE,USD,15.789999961853027,-0.28979981202887894,15.938603196162774,16.363225802091282,17.595618763492563,-0.23713639242322415,-0.27967227286298646,42.99066558960026,2.0,4.0,Quarterly,2025-12-31,0.12666244489118358,,0.66,0.67,1.21
PCM,PCM,"PCM Fund, Inc. Common Stock",NYSE,NYSE,USD,6.070000171661377,-0.11555558663827403,6.069937889310968,6.112504454008347,6.2811153959812325,0.0017344326789103803,-0.010427457100326654,63.33337042058533,0.768,12.0,Monthly,2026-02-12,0.12652388439550838,,,,
TEI,TEI,"Templeton Emerging Markets Income Fund, Inc. Common Stock",NYSE,NYSE,USD,6.989999771118164,-0.11849197556710445,6.809624874632908,6.644089686880265,6.240329234720779,0.11301011000587469,0.09455584537290407,88.0,0.881,12.0,Monthly,2026-01-23,0.12603720012126263,,,,
BXSL,BXSL,Blackstone Secured Lending Fund Common Shares of Beneficial Interest,NYSE,NYSE,USD,24.6200008392334,-0.29014493417048803,25.483289381426232,26.17348380092024,28.25550373402514,-0.42912137827325125,-0.4204508306587079,35.87173896756971,3.08,4.0,Quarterly,2025-12-31,0.12510153919620676,,0.6,0.62,3.33
WDI,WDI,Western Asset Diversified Income Fund Common Shares of Beneficial Interest,NYSE,NYSE,USD,14.319999694824219,-0.15792921436860952,13.985656900757204,14.014826430233468,14.41561176986191,0.08481563012799143,0.032022278962700795,94.02985711967615,1.7879999999999998,12.0,Monthly,2025-12-31,0.1248603378564491,,,,
ALIT,ALIT,"Alight, Inc. Class A Common Stock",NYSE,NYSE,USD,1.2999999523162842,-0.8134863713847345,1.536000622431732,1.8136468898222655,3.287531257705222,-0.10404812127974528,-0.09686019282755541,35.44304485103676,0.16,4.0,Quarterly,2025-12-01,0.12307692759135788,,0.06,0.12,92.0
NPCT,NPCT,Nuveen Core Plus Impact Fund Common Shares of Beneficial Interest,NYSE,NYSE,USD,10.579999923706055,-0.11230907341844087,10.412172659133557,10.387907933200884,10.575989136652387,0.08259698693488282,0.05106804751531524,92.68298923510639,1.302,12.0,Monthly,2026-02-13,0.12306238273997304,,,,
VGI,VGI,Virtus Global Multi,NYSE,NYSE,USD,7.880000114440918,-0.10327458006951618,7.890305112584931,7.863035877688346,7.836479499881242,0.022894786997117222,0.022267364036729537,58.82350466247705,0.96,12.0,Monthly,2026-02-12,0.12182740939821819,,,,
IFN,IFN,"India Fund, Inc. (The) Common Stock",NYSE,NYSE,USD,13.979999542236328,-0.1944113890261001,13.974631665382178,14.058788289927994,14.769055439753528,0.0460814572797954,0.01942758332402368,57.14283944944469,1.7,4.0,Quarterly,2025-11-21,0.12160229296603091,,,,
JRI,JRI,Nuveen Real Asset Income and Growth Fund Common Shares of Beneficial Interest,NYSE,NYSE,USD,13.239999771118164,-0.14307454238480055,13.1678902164809,13.343494066031537,13.331283335105303,-0.11796122130701647,-0.13431625955962465,39.68182870185631,1.597759,12.0,Monthly,2026-02-13,0.12067666371757525,,,,
HTGC,HTGC,"Hercules Capital, Inc. Common Stock",NYSE,NYSE,USD,15.579999923706055,-0.2918181852860884,17.40615001159271,17.97298883499894,18.546549437193875,-0.6228333818330896,-0.4167698482417904,18.16240012911281,1.88,4.0,Quarterly,2025-11-12,0.120667523055597,,0.36,0.39,9.34
EFC,EFC,Ellington Financial Inc. Common Stock ,NYSE,NYSE,USD,12.9399995803833,-0.19651571941001655,13.154727447929922,13.399235910077902,13.361545638342157,-0.21366819469384346,-0.20366279819219443,30.172409540690666,1.56,12.0,Monthly,2026-01-30,0.12055641812886293,,0.43,0.45,4.55
HGLB,HGLB,Highland Global Allocation Fund Common Stock,NYSE,NYSE,USD,8.739999771118164,-0.16826005950891243,8.818363417905482,9.01729614886362,8.964222536843321,-0.08333289252582432,-0.09460908179198739,47.47473482524138,1.053,12.0,Monthly,2026-01-23,0.12048055235421166,,,,
BSTZ,BSTZ,BlackRock Science and Technology Term Trust Common Shares of Beneficial Interest,NYSE,NYSE,USD,22.75,-0.2591911456950502,22.70554513586998,22.586273131597693,21.80007531306556,0.060445486348154276,0.015887388835721977,52.78513340814322,2.702,12.0,Monthly,2026-02-13,0.11876923076923077,,,,
DSU,DSU,"Blackrock Debt Strategies Fund, Inc. Common Stock",NYSE,NYSE,USD,10.050000190734863,-0.1538461402484591,10.15747050518145,10.210798115456278,10.364879861848705,-0.036422922696909055,-0.027003088655165746,31.249944120425695,1.1880000000000002,12.0,Monthly,2026-02-13,0.11820895298044096,,,,
TSQ,TSQ,"Townsquare Media, Inc. Class A Common Stock",NYSE,NYSE,USD,6.769999980926514,-0.5160220970022698,6.494229829847828,6.047590244929962,6.5024119546932555,0.3503683045941921,0.355202236872474,45.697328579109715,0.8,4.0,Quarterly,2026-01-26,0.11816839028860904,,0.57,0.13,-77.19
PHK,PHK,Pimco High Income Fund,NYSE,NYSE,USD,4.909999847412109,-0.10323891153329112,4.936587497752337,4.911392394147687,4.878356385851896,0.011484035811720972,0.016745366829714906,40.90907120501461,0.5760000000000001,12.0,Monthly,2026-02-12,0.11731161260699217,,,,
FCT,FCT,First Trust Senior Floating Rate Income Fund II Common Shares of Beneficial Interest,NYSE,NYSE,USD,9.9399995803833,-0.1327602968359054,9.969600000560721,9.936957985712844,9.956551707223518,-0.01612378890636279,-1.0492788019700241e-05,31.707197934475417,1.1640000000000001,12.0,Monthly,2026-02-02,0.11710262063764741,,,,
ACRE,ACRE,Ares Commercial Real Estate Corporation Common Stock,NYSE,NYSE,USD,5.170000076293945,-0.3137254773630904,5.1883354152007115,5.0694094309941615,4.8735532556436745,0.09710454681432967,0.07812754456527776,58.823534911617976,0.6,4.0,Quarterly,2025-12-31,0.11605415689473317,,0.32,0.01,-96.91
BGH,BGH,Barings Global Short Duration High Yield Fund Common Shares of Beneficial Interests,NYSE,NYSE,USD,14.949999809265137,-0.16177389853596402,15.006871889094652,15.092879261862238,15.315958783770503,-0.057385805054121164,-0.04634021648790869,42.18746274706149,1.705,12.0,Monthly,2026-01-21,0.11404682419750538,,,,
KRP,KRP,Kimbell Royalty Partners Common Units Representing Limited Partner Interests,NYSE,NYSE,USD,14.079999923706055,-0.29221182575222626,13.435747169561584,12.962757046771241,13.345535897288574,0.4690497886723257,0.4141923881583764,75.65221032938291,1.6,4.0,Quarterly,2025-11-17,0.11363636425211411,,0.42,0.55,30.25
HIO,HIO,"Western Asset High Income Opportunity Fund, Inc. Common Stock",NYSE,NYSE,USD,3.809999942779541,-0.14043587071501784,3.771821790158035,3.767136974465464,3.839125977109374,0.015095112862226756,0.010500203188320567,70.0,0.43199999999999994,12.0,Monthly,2026-01-23,0.11338582847453782,,,,
THQ,THQ,abrdn Healthcare Opportunities Fund Shares of Beneficial Interest,NYSE,NYSE,USD,19.059999465942383,-0.27609106811614303,19.206848546559296,19.084577687628496,18.659478769940097,-0.0930067273204429,-0.05020992407274903,37.07866051458333,2.16,12.0,Monthly,2026-01-23,0.11332634105576053,,,,
PAXS,PAXS,PIMCO Access Income Fund Common Shares of Beneficial Interest,NYSE,NYSE,USD,15.829999923706055,-0.12923079270582938,15.841417117991597,15.78561241353608,15.751209498959517,0.03561998518156706,0.05201457249807686,46.42855115490943,1.7879999999999998,12.0,Monthly,2026-02-12,0.11295009530116287,,,,
AOD,AOD,abrdn Total Dynamic Dividend Fund Common Shares of Beneficial Interest,NYSE,NYSE,USD,10.359999656677246,-0.1625281756414133,10.101868402827352,9.9222896194291,9.422409658555754,0.11005590188700154,0.07833902519468795,76.00002543137978,1.17,12.0,Monthly,2026-01-23,0.11293436667692448,,,,
BWG,BWG,BrandywineGLOBAL Global Income Opportunities Fund Inc.,NYSE,NYSE,USD,8.609999656677246,-0.11929824072189243,8.550027159686367,8.512537756391977,8.46808395995179,0.032012933608186245,0.02324941387591946,64.10250767218085,0.96,12.0,Monthly,2026-01-23,0.11149826228570156,,,,
NMAI,NMAI,Nuveen Multi,NYSE,NYSE,USD,13.680000305175781,-0.1515390737752511,13.55384093387239,13.329568124428752,12.933186896103722,0.15751711369316013,0.14051901314807413,62.595422070216664,1.522,10.0,Irregular,2026-02-13,0.1112573074595734,,,,
AVK,AVK,Advent Convertible and Income Fund,NYSE,NYSE,USD,12.65999984741211,-0.18551665907632953,12.702454132246892,12.675611466411834,12.457216111098964,-0.0001625569476519928,0.008868735222554991,44.56519710995242,1.4040000000000001,12.0,Monthly,2026-02-13,0.11090047527030567,,,,
MSIF,MSIF,"MSC Income Fund, Inc. Common Stock",NYSE,NYSE,USD,12.989999771118164,-0.3398220140286662,13.11594595658067,13.26620811557883,14.212995209786625,-0.0999076911142538,-0.09130901121475575,42.180105925519484,1.44,4.0,Quarterly,2025-12-31,0.11085450541744285,,0.36,0.35,-1.41
RWT,RWT,"Redwood Trust, Inc. Common Stock",NYSE,NYSE,USD,6.590000152587891,-0.2589820454387277,5.806541627324045,5.687520918495684,5.759223845081794,0.12757148896011827,0.03748871793093453,65.39924616177625,0.72,4.0,Quarterly,2025-12-23,0.10925644663562811,,-0.07,-0.44,-493.79
PDO,PDO,PIMCO Dynamic Income Opportunities Fund Common Shares of Beneficial Interest,NYSE,NYSE,USD,14.09000015258789,-0.13068182972713938,14.037810300848221,13.977337032859298,13.841959135341883,0.04248206514147057,0.036253852886087026,63.82979155126199,1.536,12.0,Monthly,2026-02-12,0.10901348356038769,,,,
WPP,WPP,WPP plc American Depositary Shares,NYSE,NYSE,USD,18.760000228881836,-0.6424923446937016,19.625713307000684,20.75072545059362,26.556732806754955,-0.9291747835883477,-0.8011449565290518,31.57894961672538,2.041,2.0,Semi-Annual,2025-10-10,0.1087953078410837,,1.07,,
HQL,HQL,abrdn Life Sciences Investors Shares of Beneficial Interest,NYSE,NYSE,USD,16.979999542236328,-0.23826212075240694,16.95323769832766,16.865928662708633,15.54321908772162,-0.010368374183791218,0.006305653187633842,42.162130953510136,1.8199999999999998,4.0,Quarterly,2025-11-21,0.10718492632893789,,,,
CHCT,CHCT,Community Healthcare Trust Incorporated Common Stock,NYSE,NYSE,USD,17.639999389648438,-0.3308194656585176,17.458628374128928,16.728745535671486,16.34807750965204,0.3625387430945963,0.3949353474418035,60.48108479055527,1.886,4.0,Quarterly,2025-11-07,0.10691610347258564,,0.24,-0.32,-233.33
TSLX,TSLX,"Sixth Street Specialty Lending, Inc. Common Stock",NYSE,NYSE,USD,19.229999542236328,-0.23386457171398978,20.873497746245892,21.453141620122103,22.25372985517705,-0.571615145202518,-0.3621985819459287,16.706422076816565,2.05,8.0,Irregular,2025-12-15,0.10660426670824547,,0.54,0.55,2.61
STWD,STWD,"STARWOOD PROPERTY TRUST, INC. Starwood Property Trust Inc.",NYSE,NYSE,USD,18.06999969482422,-0.16356692942964457,18.15090630333494,18.269982279848442,18.920994805788855,-0.0525266083468523,-0.04894514468894688,48.543704602165676,1.92,4.0,Quarterly,2025-12-31,0.1062534605659094,,0.51,0.51,0.25
PCN,PCN,Pimco Corporate & Income Strategy Fund Common Stock,NYSE,NYSE,USD,12.779999732971191,-0.1472081028706842,12.807749560517463,12.789529564278244,12.918924832024503,0.018643432019954886,0.02439774780429956,47.9999694826547,1.356,12.0,Monthly,2026-02-12,0.10610328860192761,,,,
GCV,GCV,"Gabelli Convertible and Income Securities Fund, Inc. (The) Common Stock",NYSE,NYSE,USD,4.53000020980835,-0.17929293719886108,4.446860849378322,4.350307558539996,4.139549863682241,0.05673827047132196,0.05920630779980924,65.30612443497259,0.48,4.0,Quarterly,2025-12-12,0.10596025999308006,,,,
RYN,RYN,Rayonier Inc. REIT Common Stock,NYSE,NYSE,USD,23.600000381469727,-0.24610477733426817,22.807701139365708,22.797119428935243,23.707598391282723,-0.016087765925941966,0.005460421184010843,53.04878970683842,2.492,5.0,Irregular,2025-12-10,0.10559321863217727,,0.11,0.01,-90.93
VLT,VLT,Invesco High Income Trust II,NYSE,NYSE,USD,11.0600004196167,-0.13484160591847683,11.089094455968075,11.126213254133472,11.06422469677139,-0.03816161903347215,-0.027956478341001536,41.46348838615735,1.142,12.0,Monthly,2026-01-15,0.10325496895772972,,,,
ARDC,ARDC,"Ares Dynamic Credit Allocation Fund, Inc. Common Shares",NYSE,NYSE,USD,13.229999542236328,-0.1950423865622125,13.375865784978885,13.457138520889695,13.874870182071822,-0.04878389754080459,-0.030311448408473066,30.508343072170845,1.356,12.0,Monthly,2026-01-20,0.10249433461210757,,,,
HYI,HYI,Western Asset High Yield Opportunity Fund Inc. Common Stock,NYSE,NYSE,USD,11.220000267028809,-0.10720134132494707,11.159582471178526,11.176363295073264,11.488709884197977,0.01369125916452596,0.008547776447802104,68.00016784796027,1.1400000000000001,12.0,Monthly,2026-01-23,0.10160427565674969,,,,
NPFD,NPFD,Nuveen Variable Rate Preferred & Income Fund Common Shares,NYSE,NYSE,USD,19.56999969482422,-0.09963483775746351,19.507237578326656,19.425295027843493,19.35198534792403,0.11830061258236668,0.09714118439229022,66.9999427797593,1.983,12.0,Monthly,2026-02-13,0.1013285657088924,,,,
SABA,SABA,Saba Capital Income & Opportunities Fund II Shares of Beneficial Interest,NYSE,NYSE,USD,8.010000228881836,-0.15217387473425403,8.127985107874204,8.324047783061516,8.711596269573036,-0.0962037770714872,-0.0969075357646385,21.875158324516832,0.796,13.0,Monthly,2026-02-10,0.0993757774350424,,,,
STLA,STLA,Stellantis N.V. Common Shares,NYSE,NYSE,USD,7.75,-0.4876847156745199,8.944512920074814,9.807771750021539,10.485707490545504,-0.7560847258913519,-0.590370569284263,27.917611248209397,0.77,1.0,Annual,2025-04-23,0.09935483870967741,,,,
NCV,NCV,Virtus Convertible & Income Fund Common Shares of Beneficial Interest,NYSE,NYSE,USD,16.530000686645508,-0.17124731665677928,16.111050679926045,15.767990988726549,15.006020098515888,0.23698635498339016,0.1948582544506397,63.1818278367779,1.6320000000000001,12.0,Monthly,2026-02-12,0.09872957847596966,,,,
GUT,GUT,Gabelli Utility Trust (The) Common Stock,NYSE,NYSE,USD,6.079999923706055,-0.08839779636242606,6.05288561974839,6.048688396713746,5.901833944782246,-0.0016370329981141296,-0.006758310139044883,49.05658170563838,0.6000000000000001,12.0,Monthly,2026-02-12,0.09868421176463947,,,,
TWN,TWN,"Taiwan Fund, Inc. (The) Common Stock",NYSE,NYSE,USD,63.08000183105469,-0.2918587077591389,58.96991101711114,57.20329382150615,51.31024136530475,1.5969542887238575,1.1038848179535226,83.87097114437026,6.2,1.0,Annual,2025-12-29,0.09828788554263644,,,,
GBAB,GBAB,Guggenheim Taxable Municipal Bond & Investment Grade Debt Trust Common Shares of Beneficial Interest,NYSE,NYSE,USD,15.420000076293945,-0.08742134735830409,15.212452408943435,15.190252257173013,15.26864695651414,0.0712899582170099,0.03384240871564748,70.64220825637584,1.512,12.0,Monthly,2026-02-13,0.09805447422302446,,,,
WU,WU,Western Union Company (The) Common Stock,NYSE,NYSE,USD,9.600000381469727,-0.3218588475001709,9.685703674455118,9.433753502722798,9.211636773054932,0.13808890879913172,0.13275296338569512,52.19299016126294,0.94,4.0,Quarterly,2025-12-22,0.09791666277580806,,0.42,0.42,-0.65
MEGI,MEGI,NYLI CBRE Global Infrastructure Megatrends Term Fund Common Shares,NYSE,NYSE,USD,15.40999984741211,-0.1352549859440526,14.48295950029262,14.183917804651157,13.960155448379469,0.3368338950509564,0.22185194298252173,92.57142203194755,1.5,12.0,Monthly,2026-01-26,0.09733939097033176,,,,
HFGM,HFGM,Unlimited HFGM Global Macro ETF,NYSE,NYSE,USD,33.34000015258789,-0.14089960039426497,32.81086974141773,32.12265534587315,30.1475569951613,0.5093926006378453,0.49089010371984687,51.38857683399626,3.24,1.0,Annual,2025-12-24,0.0971805634424542,,,,
IAE,IAE,Voya Asia Pacific High Dividend Equity Income Fund ING Asia Pacific High Dividend Equity Income Fund Common Shares of Beneficial Interest,NYSE,NYSE,USD,8.029999732971191,-0.152276264932227,7.984754413686116,7.781291118514402,7.288480332819335,0.08406494789717112,0.1143665519873523,44.3478192363637,0.78,12.0,Monthly,2026-02-02,0.09713574420149963,,,,
JGH,JGH,Nuveen Global High Income Fund Common Shares of Beneficial Interest,NYSE,NYSE,USD,12.850000381469727,-0.14392247033084316,12.87266416226562,12.802996644374238,12.910582122514775,0.055918054116029126,0.0666416784550723,52.38100644411243,1.244688,12.0,Monthly,2026-02-13,0.09686287650192568,,,,
NCZ,NCZ,Virtus Convertible & Income Fund II Common Shares of Beneficial Interest,NYSE,NYSE,USD,14.890000343322754,-0.2036474419642792,14.551644047491177,14.276542760609477,13.635598602740194,0.1858838171243118,0.1556663292016502,66.89189711655192,1.44,12.0,Monthly,2026-02-12,0.09670919857605988,,,,
BXMT,BXMT,"Blackstone Mortgage Trust, Inc. Common Stock",NYSE,NYSE,USD,19.540000915527344,-0.18509727930790132,19.568815513644005,19.453873447773148,19.345709092857785,0.07158077317686207,0.044961871601023995,56.3333511352539,1.88,4.0,Quarterly,2025-12-31,0.09621289211435345,,0.67,0.71,6.3
ASGI,ASGI,abrdn Global Infrastructure Income Fund Common Shares of Beneficial Interest,NYSE,NYSE,USD,25.639999389648438,-0.09516131298185548,23.526007560999048,22.64129494020006,21.139859571445047,0.7484593540667,0.5041136417385482,87.05880240999001,2.46,12.0,Monthly,2026-01-23,0.09594384003742093,,,,
NBXG,NBXG,Neuberger Berman Next Generation Connectivity Fund Inc. Common Stock,NYSE,NYSE,USD,13.399999618530273,-0.22704268695912766,13.858475074041186,14.237465078595433,14.309802046825356,-0.3195551508680037,-0.2475699928616361,28.879305560865163,1.28,12.0,Monthly,2026-01-15,0.09552239077902241,,,,
GAB,GAB,"Gabelli Equity Trust, Inc. (The) Common Stock",NYSE,NYSE,USD,6.300000190734863,-0.1234568389212144,6.197206627785929,6.150011584935417,5.985780534177608,0.043037639946077455,0.022822498045643864,67.2414204170356,0.6,4.0,Quarterly,2025-12-12,0.09523809235472626,,,,
FLO,FLO,"Flowers Foods, Inc. Common Stock",NYSE,NYSE,USD,10.359999656677246,-0.4862385579745009,11.290778534158509,11.277085157697355,13.346851314365495,0.1009273374365165,0.17120718658343087,35.69132000418267,0.984,4.0,Quarterly,2025-11-28,0.09498069812828522,,0.28,0.3,5.26
ACV,ACV,Virtus Diversified Income & Convertible Fund Common Shares of Beneficial Interest,NYSE,NYSE,USD,26.84000015258789,-0.2360684884593277,27.473573896161344,26.918922816086507,24.83688229358495,0.09625569458474459,0.2431908214689258,33.33333333333333,2.544,13.0,Monthly,2026-02-12,0.09478390408111491,,,,
LYB,LYB,LyondellBasell Industries NV Ordinary Shares Class A (Netherlands),NYSE,NYSE,USD,57.61000061035156,-0.4594733045324182,53.647814294670084,50.23115565324659,53.40741567268375,2.7457785960426833,2.30570104237527,66.2964758532047,5.45,4.0,Quarterly,2025-12-01,0.09460163065890899,,2.84,1.96,-31.08
ARI,ARI,"Apollo Commercial Real Estate Finance, Inc",NYSE,NYSE,USD,10.619999885559082,-0.21224087572343442,10.524340999165602,10.293071765713382,10.090817874208863,0.16555126416277233,0.18321547356538895,67.04544530919381,1.0,4.0,Quarterly,2025-12-31,0.09416195958342571,,0.41,0.48,15.94
DLY,DLY,DoubleLine Yield Opportunities Fund Common Shares of Beneficial Interest,NYSE,NYSE,USD,14.949999809265137,-0.12759458522559286,14.83797249402838,14.770905307947192,15.08895617094964,0.07036406931993255,0.05616574232905416,75.51021599760219,1.4040000000000001,12.0,Monthly,2026-01-14,0.09391304467642086,,,,
EVF,EVF,Eaton Vance Senior Income Trust Common Stock,NYSE,NYSE,USD,5.25,-0.17467944162366722,5.2874873090143915,5.315251988262124,5.499790612143176,-0.014681502155070802,-0.01073840674704123,38.095194844710065,0.492,12.0,Monthly,2026-02-13,0.09371428571428571,,,,
BTZ,BTZ,BlackRock Credit Allocation Income Trust,NYSE,NYSE,USD,10.760000228881836,-0.09124430322447385,10.709454649248856,10.75713028546384,10.830011545239197,0.005607781356049557,-0.015389113635451673,79.31045822563354,1.008,12.0,Monthly,2026-02-13,0.0936802954050448,,,,
NSP,NSP,"Insperity, Inc. Common Stock",NYSE,NYSE,USD,25.68000030517578,-0.7274174657177312,37.329645954195314,39.749069085031486,50.62621073271447,-3.4254464186014033,-1.3654513970892004,12.053238082916124,2.4,4.0,Quarterly,2025-12-09,0.09345794281459888,,0.97,1.23,27.46
IHD,IHD,Voya Emerging Markets High Income Dividend Equity Fund Common Shares,NYSE,NYSE,USD,7.079999923706055,-0.16000002080743958,6.902355796252641,6.659026514036017,6.167451241464612,0.14075782117349345,0.13355450974834407,60.256403986360006,0.66,12.0,Monthly,2026-02-02,0.09322033998759147,,,,
BHK,BHK,Blackrock Core Bond Trust,NYSE,NYSE,USD,9.65999984741211,-0.14454546841708094,9.604998236510157,9.607190161654001,9.797274521466054,0.02058831962036045,0.002965860018416447,60.00008477162524,0.895158,12.0,Monthly,2026-02-13,0.09266646109107451,,,,
HPF,HPF,John Hancock Pfd Income Fund II Pfd Income Fund II,NYSE,NYSE,USD,16.149999618530273,-0.13333331871763465,16.138268763252118,16.1871819521397,16.348609001375426,-0.001523744091727508,-0.007299629136370664,47.05873553116293,1.488,12.0,Monthly,2026-02-12,0.09213622508651273,,,,
BUI,BUI,"BlackRock Utility, Infrastructure & Power Opportunities Trust",NYSE,NYSE,USD,29.1299991607666,-0.11490818246865508,27.756125412586638,26.987139715558698,25.941433048943868,0.6862368941421018,0.5290440444494642,98.67846591806624,2.67,12.0,Monthly,2026-02-13,0.09165808708968513,,,,
BGX,BGX,Blackstone Long Short Credit Income Fund Common Shares,NYSE,NYSE,USD,11.289999961853027,-0.14992269268109482,11.439736363459843,11.599129759488532,11.980969085840146,-0.11413421691028525,-0.09393649981223277,18.750012417621505,1.034,12.0,Monthly,2025-12-31,0.09158547418013363,,,,
GMRE,GMRE,Global Medical REIT Inc. Common Stock,NYSE,NYSE,USD,36.06999969482422,-0.33590311442293297,35.72408811148124,34.91678233753174,35.15985491658617,0.4659516406708377,0.42632119018517306,57.86516974330802,3.3,4.0,Quarterly,2025-12-19,0.09148877260660265,,0.02,0.01,-33.33
CIMO,CIMO,Chimera Investment Corporation 9.250% Senior Notes due 2029,NYSE,NYSE,USD,25.3799991607666,-0.041469164680724035,25.45506822939494,25.439243314220587,25.347993222260968,-0.02117637494420066,-0.007257459387763256,36.25807754442649,2.312,4.0,Quarterly,2026-01-30,0.09109535368204347,,,,
APAM,APAM,Artisan Partners Asset Management Inc. Class A Common Stock,NYSE,NYSE,USD,42.59000015258789,-0.24052055853946996,44.057391316031335,43.496655960328,43.35998024784466,0.3022000445295703,0.5051979934864185,45.233639662038996,3.87,4.0,Quarterly,2026-02-13,0.09086640023796402,,0.61,0.64,4.4
OTF,OTF,Blue Owl Technology Finance Corp. Common Stock,NYSE,NYSE,USD,12.65999984741211,-0.28743957902879325,13.11354935881679,13.571118890351807,14.55176862516167,-0.3235284400615299,-0.3329004149476737,39.86331821864001,1.15,5.0,Irregular,2025-12-31,0.09083728387525035,,,,
CAPL,CAPL,CrossAmerica Partners LP Common Units representing limited partner interests,NYSE,NYSE,USD,23.15999984741211,-0.2195703533981761,22.275823278364413,21.67971960689587,21.437166924598184,0.3574357260048693,0.3352333188944288,55.75220442279907,2.1,4.0,Quarterly,2026-02-02,0.0906735757269296,,0.17,0.43,152.94
NL,NL,"NL Industries, Inc. Common Stock",NYSE,NYSE,USD,6.300000190734863,-0.4244762992472386,6.157984655874298,5.990200561035251,6.248294625225857,0.10750597488262414,0.10694983779129055,58.53658749332355,0.57,5.0,Irregular,2025-11-21,0.09047618773698994,,,,
BDJ,BDJ,Blackrock Enhanced Equity Dividend Trust,NYSE,NYSE,USD,9.479999542236328,-0.14988811394253776,9.56603475475496,9.434844596456676,9.109012128679206,0.04345082567510694,0.06555329611327826,50.0,0.857,12.0,Monthly,2026-02-13,0.09040084824707006,,,,
MIN,MIN,MFS Intermediate Income Trust Common Stock,NYSE,NYSE,USD,2.5899999141693115,-0.05514709330502232,2.601181537808701,2.6157379301556016,2.6477555793843957,-0.008258075747929805,-0.008560636253131984,50.0,0.23399999999999999,12.0,Monthly,2026-01-20,0.09034749334153959,,,,
