_STATE,q05,q25,median,q75,q95,mean_bin,State,p_lowest,p_highest
72.0,1.0,1.0,1.4988494290722,2.793388809024855,4.8098739330504765,2.37685932911887,Puerto Rico,0.35293923038625746,0.006134410842441478
78.0,1.0,1.4280220391950125,3.1482692878232887,4.5567294635030935,5.850105941528484,3.5538659503905183,Virgin Islands,0.18050066148026195,0.030404024690103833
66.0,1.0,1.796974689886378,3.529725862491879,4.646878898258936,5.802349217024108,3.7801385953861746,Guam,0.12864286993841165,0.023894721742961166
28.0,1.0,2.110606071519526,3.618629528617988,4.694924678271485,5.86577534290737,3.914458539699701,Mississippi,0.09136555575396117,0.03183902529519047
35.0,1.0,2.1831947975168244,3.664487890108328,4.738742563996984,5.881713690120155,3.959381819827573,New Mexico,0.08568384455983408,0.03264366356126451
5.0,1.0,2.0959598593577247,3.723736296022996,4.74572497217449,5.877085370957236,3.963725651455253,Arkansas,0.08357546301372508,0.03181102457846794
54.0,1.0,2.191281976178009,3.868260658151849,4.78366266658751,5.859703852984879,4.010629497696618,West Virginia,0.09052829817939881,0.02775337409275659
22.0,1.0,2.131615793890979,3.973800335020819,4.933540639388031,6.117495047658079,4.0854019454164945,Louisiana,0.09254069292140948,0.05665690585340524
40.0,1.0,2.3677462161341656,3.9874351751039367,4.825344326384375,5.912475391073278,4.115267683024706,Oklahoma,0.07350788101787774,0.0358523285802604
1.0,1.0,2.2933809190115797,4.06610746236793,4.91062304870437,5.9425844190085035,4.143842955727521,Alabama,0.07771011008679266,0.03942905109173216
21.0,1.0,2.4396703435894223,4.045247189136535,4.880996296317588,5.9723569207814124,4.188245572554423,Kentucky,0.06657794183804992,0.04532622254829582
47.0,1.0,2.422859275379142,4.059012080123594,4.911406647027813,5.976489488970721,4.192533367104018,Tennessee,0.07385464394890819,0.04581028478382539
45.0,1.0,2.4417138359644928,4.0804789488734405,4.921376367149092,5.981074752292276,4.210345151079847,South Carolina,0.07079328814203667,0.0465928453258847
37.0,1.0,2.5132839081625344,4.142749989074339,5.020645449522333,6.320497695816723,4.297338835660929,North Carolina,0.07450844527651729,0.07358326777139801
4.0,1.0,2.55412456032689,4.165736629433026,5.016179488136578,6.150193146743025,4.305583138029877,Arizona,0.07117955361383567,0.058836899006368
12.0,1.0,2.5534934299646017,4.181924003796633,4.997352138524619,6.223157260316143,4.32395667556993,Florida,0.05925117728389613,0.06436309106827462
18.0,1.0,2.6583652844567336,4.201021581614445,4.992812480786031,5.972462282526134,4.328087012558594,Indiana,0.06514902022736188,0.04440075994671026
48.0,1.0,2.432526040172625,4.224815429170283,5.219787346995297,6.3993175782490574,4.34103825746023,Texas,0.07902585709101499,0.08323866021291912
13.0,1.0,2.551377132126074,4.212842976673213,5.135583890784373,6.268983373622514,4.352259102175158,Georgia,0.06799138159427534,0.06839789711456
39.0,1.0,2.6578358270923,4.197426258040789,5.038067300869388,6.111531705125507,4.352936561960773,Ohio,0.06475863302872514,0.056276628314646956
23.0,1.0242566138248823,2.7208301061274676,4.1807442025073005,4.977780304226798,5.966097416283923,4.355484913100138,Maine,0.04746238813629787,0.043226114270660844
16.0,1.1183041589332834,2.747448841541525,4.158161912641554,4.9130762673235715,5.944784029395176,4.357341588542792,Idaho,0.040172646053709626,0.03999374545194139
26.0,1.0,2.701937254756733,4.220939968699167,5.003153273651514,6.028345823840173,4.3580597780564325,Michigan,0.06451599793608946,0.05145863747286109
30.0,1.0,2.7359662133003155,4.222111512280333,4.959131017283946,5.995396428417963,4.3619045567270325,Montana,0.059496370164926884,0.049139141625253104
31.0,1.0,2.8053428313986055,4.238201836729182,4.969422607362776,5.9818995331239435,4.38609822159755,Nebraska,0.060387381623252676,0.046505887960934335
32.0,1.0,2.677196915172659,4.223821211676132,5.021233067653318,6.274908260860442,4.391150087274719,Nevada,0.05238136746641587,0.06895679167346935
36.0,1.0,2.5220164232992968,4.260029677579628,5.252518617882025,6.460044670468602,4.397736951148682,New York,0.07280176485033088,0.0926002527716371
46.0,1.1901408967472245,2.8992232781297766,4.192644459896433,4.881765192876542,5.970937025109903,4.4087583506582195,South Dakota,0.035219111590036885,0.0452973403057743
29.0,1.0,2.8998722366153467,4.283037153723336,5.0878631651383275,6.174599108678843,4.41747931000919,Missouri,0.07902636071061914,0.06057662467503381
41.0,1.0,2.743754016767493,4.262407984741321,5.136247353866195,6.179646977239078,4.422597526956574,Oregon,0.057815065188108306,0.06094937010376778
17.0,1.0,2.57321258802164,4.31699640919883,5.221463911716813,6.419291209725609,4.422980794539577,Illinois,0.07171243761864601,0.08610167580961625
56.0,1.1081098772683788,2.965694981325628,4.262295328185146,4.955369565996434,5.93436268343713,4.440819274941521,Wyoming,0.04027258348892168,0.03708126222601901
44.0,1.0,2.6765163281293036,4.3439809127483215,5.21065751226325,6.268891788885883,4.447358035145669,Rhode Island,0.0637618685688658,0.06838932902122156
19.0,1.0340385013129425,2.9749605286490954,4.286214242898389,5.0301325911845876,6.015222789081703,4.472475846845054,Iowa,0.04710639981410716,0.05077290522734109
20.0,1.0,3.008563288299228,4.304223459230851,5.048449807455579,5.995852842115596,4.48128931342362,Kansas,0.05112068628255061,0.04912452087808821
10.0,1.0779999424344064,2.968962721956175,4.3169142492009875,5.066384009759012,6.118716516263468,4.502097126699098,Delaware,0.04314447132354221,0.05673543294832467
42.0,1.081188777065895,2.947644410524595,4.305799409947664,5.106395765959936,6.262690492804177,4.503590336606987,Pennsylvania,0.04221635412040938,0.06781412624145161
55.0,1.0,3.031735335408005,4.324223361313702,5.088095367578505,6.102941940206187,4.50916780070351,Wisconsin,0.05021240086215478,0.055737752371894975
6.0,1.0,2.664621982649017,4.370734858831577,5.438709453889611,6.591305027572846,4.526414641631735,California,0.07416407226297367,0.12234062901009152
50.0,1.0,3.06093902005682,4.375913393751762,5.184530285465333,6.070861147661664,4.535704568690777,Vermont,0.058135968740148265,0.053813270077089685
38.0,1.072840723112474,3.146000241391844,4.368945795173711,5.096048926475832,6.051491687298905,4.562887776942682,North Dakota,0.04449693230105569,0.052714350871226015
15.0,1.0,3.112482800114028,4.429552318732383,5.257868993730531,6.265758158494674,4.594568299905152,Hawaii,0.05372433008543116,0.0680974539635213
2.0,1.0,3.202554728209751,4.448466732492779,5.243937617570669,6.224823679080698,4.627034731993939,Alaska,0.051086855454541585,0.06450145425069714
51.0,1.0,3.0549423524362425,4.477341246543148,5.396771295193201,6.527792673484663,4.6675311987341646,Virginia,0.05043975636421215,0.10588569298358001
9.0,1.0005733191995907,3.0242162328753013,4.537188098771417,5.493434176846284,6.608106965547066,4.7104715164035404,Connecticut,0.04994801734135187,0.12758583491997466
27.0,1.113491998656081,3.3198628113127273,4.486084670147817,5.31997382199614,6.383677497816224,4.71241819022983,Minnesota,0.04248507128158884,0.0811263580720131
8.0,1.1274018155370122,3.2461625420621565,4.511053257326585,5.399820320961372,6.478174404841836,4.724568894361671,Colorado,0.039866397416069274,0.09581745407648154
34.0,1.0,3.127703205024156,4.599635230356983,5.529030374865764,6.601094007039919,4.737335450654782,New Jersey,0.056765233054312435,0.1253428148044985
53.0,1.036287432978699,3.274997137378504,4.550428565875007,5.432558504129414,6.495202098109343,4.744866474183462,Washington,0.04739343070900787,0.09904954004905997
24.0,1.0889011717196062,3.1747123012751683,4.581835007724656,5.493129859881848,6.546699932486738,4.755063213602348,Maryland,0.04251632180530866,0.11030221167689808
33.0,1.0965538953347334,3.38746868151226,4.555984141336579,5.388063084315193,6.422762363025535,4.755418558206641,New Hampshire,0.042783870511718794,0.08661943850728478
25.0,1.0330003604491065,3.338324722400497,4.620033381086563,5.5344826760074675,6.604687437569689,4.81510025938352,Massachusetts,0.047622233088750084,0.12648219346384798
49.0,1.4016624259570163,3.5367390614117147,4.561216203149465,5.351694497686576,6.339025572657072,4.819138503170671,Utah,0.031179867097019313,0.07564589177980248
11.0,1.0,3.304598812511829,4.856886314824244,5.776901308547062,6.733685706542726,4.917349950814897,District of Columbia,0.07122560383524912,0.18774809023918076
