ticker,price,52w_high,52w_low,ex_dividend_date,dividend_payment_date,last_dividend_date,last_dividend_per_share,currency,exchange
AAPL,274.22,288.62,169.21,2026-02-09,2026-02-12,2026-02-09,0.26,USD,NMS
ACV,27.745,29.042,17.0,2026-02-12,2018-03-01,2026-01-12,0.18,USD,NYQ
ADM,68.41,69.75,40.98,2026-02-17,2026-03-10,2025-11-19,0.51,USD,NYQ
AIO,22.73,25.69,16.177,2026-02-12,2021-02-01,2026-01-12,0.15,USD,NYQ
AIZ,236.79,246.31,174.97,2026-02-17,2026-03-30,2025-12-01,0.88,USD,NYQ
ALX,233.33,260.84,189.05,2026-02-17,2026-02-27,2025-11-10,4.5,USD,NYQ
AMP,505.01,552.43,396.14,2026-02-09,2026-02-27,2026-02-09,1.6,USD,NYQ
AROW,35.45,36.44,22.72,2026-02-11,2026-02-25,2025-11-12,0.29,USD,NMS
ARR,17.495,19.31,13.18,2026-02-17,2026-02-27,2026-01-15,0.24,USD,NYQ
BCBP,8.425,10.64,7.31,2026-02-11,2026-02-26,2025-11-10,0.16,USD,NGM
BG,117.93,121.64,68.33,2026-02-17,2026-03-03,2025-11-17,0.7,USD,NYQ
BKH,72.37,75.87,54.92,2026-02-17,2026-03-01,2025-11-17,0.676,USD,NYQ
BKR,59.425,59.87,33.6,2026-02-17,2026-02-27,2025-11-04,0.23,USD,NMS
BOTJ,20.5,21.49,12.75,2026-02-17,2026-03-06,2025-11-21,0.1,USD,NCM
BSRR,36.73,38.57,22.42,2026-02-09,2026-02-17,2026-02-09,0.26,USD,NMS
BX,133.69,190.09,115.66,2026-02-09,2026-02-17,2026-02-09,1.49,USD,NYQ
CBAN,20.79,21.46,13.99,2026-02-11,2026-02-25,2025-11-05,0.115,USD,NYQ
CBNK,31.96,36.4,24.69,2026-02-09,2026-02-25,2026-02-09,0.12,USD,NMS
CCIF,4.04,7.9,3.765,2026-02-17,,2026-01-20,0.105,USD,NYQ
CIF,1.715,1.82,1.52,2026-02-17,2019-02-28,2026-01-20,0.015,USD,NYQ
CIK,2.82,3.04,2.56,2026-02-17,,2026-01-16,0.023,USD,ASE
CLM,8.075,8.956693,6.062992,2026-02-17,,2026-01-15,0.122,USD,NYQ
CMS,73.815,76.45,67.71,2026-02-17,2026-02-27,2025-11-07,0.543,USD,NYQ
CMU,3.56,3.63,3.18,2026-02-17,2019-02-28,2026-01-20,0.017,USD,NYQ
CQP,57.19,68.42,49.53,2026-02-09,2026-02-13,2026-02-09,0.83,USD,NYQ
CRF,7.68,8.941176,5.696078,2026-02-17,2019-03-29,2026-01-15,0.118,USD,ASE
CSL,415.52,435.92,293.43,2026-02-17,2026-03-02,2025-11-14,1.1,USD,NYQ
CVX,182.575,182.95,132.04,2026-02-17,2026-03-10,2025-11-18,1.71,USD,NYQ
CWT,44.68,51.63,41.29,2026-02-09,2026-02-20,2026-02-09,0.335,USD,NYQ
CXE,3.815,3.85,3.38,2026-02-17,2019-02-28,2026-01-20,0.018,USD,NYQ
CXH,8.11,8.21,7.34,2026-02-17,2019-02-28,2026-01-20,0.034,USD,NYQ
DHY,2.0,2.18,1.82,2026-02-17,2019-01-24,2026-01-16,0.016,USD,NYQ
DLX,27.47,28.6,13.61,2026-02-09,2026-02-23,2026-02-09,0.3,USD,NYQ
DMA,8.74,9.15,7.17,2026-02-17,,2025-08-18,0.083,USD,NYQ
DSM,6.26,6.3,5.28,2026-02-12,2019-02-28,2026-01-14,0.023,USD,NYQ
DTF,11.5,11.52,10.95,2026-02-17,2019-03-29,2026-01-15,0.033,USD,NYQ
EAD,6.89,7.18,5.89,2026-02-12,2019-03-01,2026-01-12,0.054,USD,NYQ
ECC,4.56,8.86,4.534,2026-03-11,2019-03-29,2026-02-09,0.14,USD,NYQ
EDF,5.155,5.28,4.14,2026-02-12,,2026-01-12,0.06,USD,NYQ
EFR,11.06,13.16,10.4,2026-02-17,2019-01-10,2026-01-15,0.077,USD,NYQ
EFT,11.34,13.36,10.44,2026-02-17,2019-01-10,2025-12-30,0.086,USD,NYQ
EIC,10.03,16.23,9.91,2026-03-11,,2026-01-12,0.11,USD,NYQ
EIM,10.0057,10.54,9.27,2026-02-17,2019-01-31,2026-01-15,0.051,USD,NYQ
ENB,51.09,51.2298,39.73,2026-02-17,2026-03-01,2025-08-15,0.683,USD,NYQ
EOI,20.59,21.58,15.5,2026-02-17,2019-01-31,2026-01-15,0.134,USD,NYQ
EOS,22.307,24.69,17.56,2026-02-17,2019-01-31,2026-01-15,0.152,USD,NYQ
EOT,17.44,17.98,15.41,2026-02-17,2019-01-31,2026-01-15,0.068,USD,NYQ
EQNR,27.915,28.27,21.41,2026-02-17,2026-05-27,2025-11-14,0.37,USD,NYQ
EQT,55.46,62.23,43.57,2026-02-17,2026-03-02,2025-11-05,0.165,USD,NYQ
ERC,9.54,9.78,8.44,2026-02-12,2019-03-01,2026-01-12,0.072,USD,ASE
ERH,12.1226,13.07,9.98,2026-02-12,2019-03-01,2026-01-12,0.084,USD,NYQ
ETB,15.53,15.58,11.03,2026-02-17,2019-01-31,2026-01-15,0.106,USD,NYQ
ETD,24.77,31.41,21.67,2026-02-11,2026-02-25,2025-11-12,0.39,USD,NYQ
ETG,23.3204,23.67,15.04,2026-02-17,2019-01-31,2026-01-15,0.129,USD,NYQ
ETJ,8.8319,9.35,7.4,2026-02-17,2019-01-31,2026-01-15,0.065,USD,NYQ
ETO,30.2199,31.11,20.05,2026-02-17,2019-01-31,2026-01-15,0.173,USD,NYQ
ETR,100.08,100.32,75.57,2026-02-09,2026-03-02,2026-02-09,0.64,USD,NYQ
ETV,14.75,14.83,10.64,2026-02-17,2019-01-31,2026-01-15,0.099,USD,NYQ
ETW,9.54,9.57,6.93,2026-02-17,2019-01-31,2026-01-15,0.066,USD,NYQ
ETX,18.76,20.0,17.63,2026-02-17,2019-01-31,2026-01-15,0.078,USD,NYQ
ETY,15.04,16.03,11.82,2026-02-17,2019-01-31,2026-01-15,0.099,USD,NYQ
EVG,11.05,11.45,10.25,2026-02-17,2019-01-31,2026-01-15,0.075,USD,NYQ
EVT,26.375,26.46,19.2,2026-02-17,2019-01-31,2026-01-15,0.165,USD,NYQ
EXG,9.71,9.78,6.74,2026-02-17,2019-01-31,2026-01-15,0.066,USD,NYQ
FTS,54.7,55.34,42.95,2026-02-17,2026-03-01,2025-08-19,0.445,USD,NYQ
GDV,29.209,29.45,20.1,2026-02-12,2019-03-22,2026-01-15,0.15,USD,NYQ
GGN,5.625,5.77,3.68,2026-02-12,2019-03-22,2026-01-15,0.03,USD,NYQ
GGT,4.18,4.94,3.75,2026-02-12,2018-12-14,2026-01-15,0.07,USD,NYQ
GHY,12.909,13.74,11.31,2026-02-12,2019-02-28,2025-12-26,0.105,USD,NYQ
GLP,46.94,60.0,39.58,2026-02-09,2026-02-13,2026-02-09,0.76,USD,NYQ
GLU,20.79,20.88,14.07,2026-02-12,2019-03-22,2026-01-15,0.11,USD,ASE
GNT,8.505,8.79,5.02,2026-02-12,2019-03-22,2026-01-15,0.06,USD,NYQ
GROW,3.1118,3.65,2.02,2026-03-16,2026-03-30,2026-02-09,0.008,USD,NCM
GUT,6.095,6.2,4.71,2026-02-12,2019-03-22,2026-01-15,0.05,USD,NYQ
GWW,1184.18,1204.36,893.99,2026-02-09,2026-03-01,2026-02-09,2.26,USD,NYQ
HAFC,27.34,30.2,19.25,2026-02-09,2026-02-25,2026-02-09,0.28,USD,NMS
HBCP,61.62,64.17,39.59,2026-02-09,2026-02-20,2026-02-09,0.31,USD,NMS
HBT,28.555,29.88,19.46,2026-02-09,2026-02-17,2026-02-09,0.23,USD,NMS
HIW,26.09,32.76,24.19,2026-02-17,2026-03-10,2025-11-17,0.5,USD,NYQ
HOMB,30.14,31.24,24.22,2026-02-11,2026-03-04,2025-11-12,0.21,USD,NYQ
HPF,16.2,17.58,14.56,2026-02-12,2019-02-28,2026-01-12,0.124,USD,NYQ
HPI,16.235,17.78,14.61,2026-02-12,2019-02-28,2025-12-29,0.124,USD,NYQ
HPS,14.8,15.68,13.08,2026-02-12,2019-02-28,2026-01-12,0.11,USD,NYQ
HRZN,6.56,9.99,5.71,2026-02-17,2026-03-13,2026-01-16,0.11,USD,NMS
HSY,229.15,234.87,150.04,2026-02-17,2026-03-16,2025-11-17,1.37,USD,NYQ
HTD,25.05,25.21,20.31,2026-02-12,2019-02-28,2026-01-12,0.158,USD,NYQ
HTO,52.29,57.17,43.75,2026-02-09,2026-03-02,2026-02-09,0.44,USD,NMS
HXL,87.08,88.0,45.28,2026-02-09,2026-02-17,2026-02-09,0.18,USD,NYQ
IIM,12.62,12.77,10.96,2026-02-17,2019-02-28,2026-01-15,0.077,USD,NYQ
IQI,10.185,10.19,8.86,2026-02-17,2019-02-28,2026-01-15,0.063,USD,NYQ
ISD,14.68,14.73,11.82,2026-02-12,2019-02-28,2025-12-26,0.105,USD,NYQ
JEF,60.025,72.92,39.28,2026-02-17,2026-02-27,2025-11-17,0.4,USD,NYQ
JMSB,21.0,21.58,13.81,2026-02-11,2026-03-04,2025-06-27,0.3,USD,NCM
KINS,16.285,22.4,13.08,2026-02-11,2026-02-26,2025-11-10,0.05,USD,NCM
KMPR,32.43,69.83,30.05,2026-02-17,2026-03-03,2025-11-17,0.32,USD,NYQ
KVUE,18.3701,25.17,14.02,2026-02-11,2026-02-25,2025-11-12,0.208,USD,NYQ
LARK,27.776,29.561905,21.314285,2026-02-12,2026-02-26,2025-11-12,0.2,USD,NGM
LAZ,56.94,58.75,31.97,2026-02-09,2026-02-20,2026-02-09,0.5,USD,NYQ
LEO,6.51,6.5399,5.55,2026-02-12,2019-02-28,2026-01-14,0.023,USD,NYQ
LPG,31.68,33.015,16.66,2026-02-09,2026-02-24,2026-02-09,0.7,USD,NYQ
LVS,57.11,70.45,30.18,2026-02-09,2026-02-18,2026-02-09,0.3,USD,NYQ
MATW,26.425,29.11,18.5,2026-02-09,2026-02-23,2026-02-09,0.255,USD,NMS
MC,72.71,78.57,47.0,2026-02-17,2026-03-26,2025-11-10,0.65,USD,NYQ
MCN,6.16,6.51,5.16,2026-02-17,2018-12-31,2026-01-15,0.06,USD,NYQ
MCR,6.305,6.58,5.57,2026-02-17,2019-02-28,2026-01-20,0.045,USD,NYQ
MFM,5.53,5.61,4.94,2026-02-17,2019-02-28,2026-01-20,0.024,USD,NYQ
MGF,3.04,3.17,2.96,2026-02-17,2019-02-28,2026-01-20,0.019,USD,NYQ
MIN,2.605,2.73,2.57,2026-02-17,2019-02-28,2026-01-20,0.019,USD,NYQ
MMT,4.755,4.87,4.31,2026-02-17,2019-02-28,2026-01-20,0.034,USD,NYQ
MNSB,22.58,23.44,15.0,2026-02-09,2026-02-16,2026-02-09,0.1,USD,NCM
MPLX,55.47,57.16,44.6,2026-02-09,2026-02-17,2026-02-09,1.077,USD,NYQ
MRBK,20.3,21.025,11.16,2026-02-09,2026-02-17,2026-02-09,0.14,USD,NMS
MSEX,52.545,67.09,44.17,2026-02-17,2026-03-02,2025-11-17,0.36,USD,NMS
MTG,26.875,29.97,21.94,2026-02-17,2026-03-06,2025-11-06,0.15,USD,NYQ
MUR,32.28,35.19,18.95,2026-02-17,2026-03-02,2025-11-17,0.325,USD,NYQ
NATH,100.94,118.5,85.56,2026-02-17,2026-02-27,2025-11-24,3.0,USD,NMS
NBN,120.4,126.26,78.17,2026-02-11,2026-02-25,2025-11-10,0.01,USD,NGM
NBXG,13.5399,15.655,10.05,2026-02-17,,2026-01-15,0.12,USD,NYQ
NCV,16.5101,16.5599,11.51,2026-02-12,2019-03-01,2026-01-12,0.136,USD,NYQ
NCZ,14.865,14.92,10.23,2026-02-12,2019-03-01,2026-01-12,0.12,USD,NYQ
NFBK,13.675,14.05,9.4,2026-02-12,2026-02-25,2025-11-05,0.13,USD,NMS
NHS,7.607,7.94,6.62,2026-02-17,2019-02-28,2026-01-15,0.091,USD,ASE
NHTC,3.8399,6.0,2.4,2026-02-17,2026-02-27,2025-11-18,0.2,USD,NCM
NML,9.57,9.59,7.1,2026-02-17,2019-03-29,2026-01-15,0.058,USD,ASE
NMM,61.64,62.19,28.37,2026-02-09,2026-02-12,2025-08-11,0.05,USD,NYQ
NOMD,13.04,20.81,11.04,2026-02-11,2026-02-26,2025-11-10,0.17,USD,NYQ
NRO,3.055,3.43,2.75,2026-02-17,2019-02-28,2026-01-15,0.031,USD,ASE
NRP,124.29,125.84,86.83,2026-02-17,2026-02-24,2025-11-18,0.75,USD,NYQ
NXG,53.04,53.38,35.22,2026-02-17,,2026-01-16,0.54,USD,NYQ
OHI,45.6,46.36,35.04,2026-02-09,2026-02-17,2026-02-09,0.67,USD,NYQ
OIA,6.3201,6.36,5.43,2026-02-17,2019-02-28,2026-01-15,0.029,USD,NYQ
OMF,61.9,71.93,38.0,2026-02-17,2026-02-23,2025-11-10,1.05,USD,NYQ
OSK,174.77,174.98,76.82,2026-02-17,2026-03-03,2025-11-17,0.51,USD,NYQ
PAXS,15.94,16.56,13.63,2026-02-12,,2026-01-13,0.149,USD,NYQ
PCAR,127.16,131.88,84.65,2026-02-11,2026-03-04,2025-12-19,1.4,USD,NMS
PCF,6.08,6.89,5.73,2026-02-17,2018-12-31,2026-01-20,0.058,USD,NYQ
PCM,6.155,6.81,5.88,2026-02-12,2019-02-01,2026-01-13,0.064,USD,NYQ
PCN,12.88,13.81,11.3,2026-02-12,2019-02-01,2026-01-13,0.113,USD,NYQ
PCQ,9.135,9.36,8.13,2026-02-12,2019-02-01,2026-01-13,0.036,USD,NYQ
PDI,18.975,20.17,16.0,2026-02-12,2019-02-01,2026-01-13,0.221,USD,NYQ
PDO,14.155,14.25,11.81,2026-02-12,,2026-01-13,0.128,USD,NYQ
PDT,13.36,13.5,11.41,2026-02-12,2019-02-28,2026-01-12,0.083,USD,NYQ
PDX,20.25,25.99,18.47,2026-02-12,,2026-01-13,0.133,USD,NYQ
PECO,38.14,38.67,32.4,2026-02-17,2026-03-03,2026-01-15,0.108,USD,NMS
PFL,8.475,8.7,7.11,2026-02-12,2019-02-01,2026-01-13,0.081,USD,NYQ
PFLT,9.135,11.5,8.4,2026-01-16,2026-03-02,2026-01-16,0.103,USD,NYQ
PFN,7.5,7.67,6.26,2026-02-12,2019-02-01,2026-01-13,0.072,USD,NYQ
PGP,9.3599,9.3599,6.56,2026-02-12,2019-02-01,2026-01-13,0.069,USD,NYQ
PGZ,10.465,10.76,9.24,2026-02-12,2019-04-30,2026-01-15,0.105,USD,NYQ
PHK,4.975,5.04,4.18,2026-02-12,2019-02-01,2026-01-13,0.048,USD,NYQ
PML,7.79,8.67,7.1,2026-02-12,2019-02-01,2026-01-13,0.04,USD,NYQ
PNI,7.12,7.47,6.43,2026-02-12,2019-02-01,2026-01-13,0.03,USD,NYQ
PNNT,5.4114,7.53,5.31,2026-02-17,2022-04-01,2026-01-16,0.08,USD,NYQ
PROV,16.36,16.52,12.98,2026-02-12,2026-03-05,2025-11-13,0.14,USD,NMS
PRU,103.275,119.76,90.38,2026-02-17,2026-03-12,2025-11-18,1.35,USD,NYQ
PTY,13.095,14.83,11.7,2026-02-12,2019-02-01,2026-01-13,0.119,USD,NYQ
PZZA,34.97,55.74,30.16,2026-02-09,2026-02-20,2026-02-09,0.46,USD,NMS
RBA,119.195,119.58,87.87,2026-02-09,2026-03-02,2025-05-29,0.29,USD,NYQ
RCS,5.9399,8.0,5.25,2026-02-12,,2026-01-13,0.04,USD,NYQ
RGA,217.96,229.21,159.25,2026-02-17,2026-03-03,2025-11-10,0.93,USD,NYQ
SDHY,16.825,17.18,15.01,2026-02-12,,2025-12-26,0.108,USD,NYQ
SFBC,43.9579,52.13,42.75,2026-02-09,2026-02-23,2026-02-09,0.21,USD,NCM
SIMO,130.0,138.0,37.21,2026-02-11,2026-02-26,2025-11-14,0.5,USD,NMS
SIRI,21.385,27.41,18.69,2026-02-11,2026-02-27,2025-11-05,0.27,USD,NMS
SLB,50.2015,51.67,31.11,2026-02-11,2026-04-02,2025-12-03,0.285,USD,NYQ
SO,90.885,100.84,83.09,2026-02-17,2026-03-06,2025-11-17,0.74,USD,NYQ
SPB,74.885,80.28,49.99,2026-02-17,2026-03-10,2025-11-24,0.47,USD,NYQ
SPE,15.06,15.99,12.72,2026-02-17,2018-12-31,2026-01-20,0.109,USD,NYQ
SRV,42.64,47.96,34.24,2026-02-17,2019-02-28,2026-01-16,0.45,USD,NYQ
ST,36.45,36.79,17.32,2026-02-11,2026-02-25,2025-11-12,0.12,USD,NYQ
STBA,44.03,44.77,30.84,2026-02-12,2026-02-26,2025-11-13,0.36,USD,NMS
SW,45.595,55.485,32.729,2026-02-17,2026-03-18,2025-08-15,0.431,USD,NYQ
SWX,83.77,86.75,64.69,2026-02-17,2026-03-02,2025-11-17,0.62,USD,NYQ
SXC,8.265,10.08,6.24,2026-02-17,2026-03-02,2025-11-17,0.12,USD,NYQ
TBLD,21.935,22.05,15.942,2026-02-12,2023-03-20,2025-12-30,0.104,USD,NGM
TEN,27.57,27.79,13.4,2026-02-11,2026-02-19,2025-07-14,0.6,USD,NYQ
TGT,113.31,132.47,83.44,2026-02-11,2026-03-01,2025-11-12,1.14,USD,NYQ
TLF,3.13,5.48,2.56,2026-02-25,2026-02-24,2025-02-19,1.5,USD,NCM
TRI,91.24,218.42,85.02,2026-02-17,2026-03-10,2025-11-18,0.595,USD,NMS
TSI,4.74,5.06,4.59,2026-02-12,2019-01-11,2026-01-15,0.022,USD,NYQ
UG,6.76,11.08,5.58,2026-02-09,2026-02-17,2026-02-09,0.25,USD,NGM
UMH,16.08,19.14,13.95,2026-02-17,2026-03-16,2025-11-17,0.225,USD,NYQ
UPS,118.605,123.7,82.0,2026-02-17,2026-03-05,2025-11-17,1.64,USD,NYQ
URI,874.885,1021.47,525.91,2026-02-11,2026-02-25,2025-11-12,1.79,USD,NYQ
USCB,19.64,20.785,15.39,2026-02-17,2026-03-05,2025-11-14,0.1,USD,NGM
UTL,51.0,59.99,44.61,2026-02-12,2026-02-27,2025-11-13,0.45,USD,NYQ
UVSP,34.92,36.2,22.83,2026-02-11,2026-02-25,2025-11-05,0.22,USD,NMS
VBF,15.405,15.98,14.33,2026-02-17,2019-02-28,2026-01-15,0.07,USD,NYQ
VCV,11.27,11.38,9.51,2026-02-17,2019-02-28,2026-01-15,0.065,USD,NYQ
VGI,7.9701,8.09,7.0,2026-02-12,2019-02-19,2026-01-12,0.08,USD,NYQ
VGM,10.57,10.5899,9.28,2026-02-17,2019-02-28,2026-01-15,0.065,USD,NYQ
VKI,9.185,9.27,7.89,2026-02-17,2019-02-28,2026-01-15,0.056,USD,NYQ
VKQ,9.905,10.18,8.86,2026-02-17,2019-02-28,2026-01-15,0.063,USD,NYQ
VLT,11.05,11.43,9.12,2026-02-17,2019-02-28,2026-01-15,0.094,USD,NYQ
VMO,9.935,9.9463,8.81,2026-02-17,2019-02-28,2026-01-15,0.063,USD,NYQ
VPV,10.86,10.93,9.5,2026-02-17,2019-02-28,2026-01-15,0.067,USD,NYQ
VTN,11.96,11.96,9.49,2026-02-17,2019-02-28,2026-01-15,0.069,USD,NYQ
VVR,3.295,4.21,3.21,2026-02-17,2019-02-28,2026-01-15,0.038,USD,NYQ
WBS,73.07,73.76,39.43,2026-02-09,2026-02-19,2026-02-09,0.4,USD,NYQ
WINA,436.035,527.37,295.79,2026-02-11,2026-03-02,2025-11-12,10.96,USD,NGM
WLFC,202.905,211.0,114.01,2026-02-11,2026-02-20,2025-11-17,0.4,USD,NGM
WMK,71.84,90.23,61.53,2026-02-17,2026-03-03,2025-11-10,0.34,USD,NYQ
WNEB,13.985,14.52,7.63,2026-02-11,2026-02-25,2025-11-12,0.07,USD,NMS
WT,16.315,17.09,7.47,2026-02-11,2026-02-25,2025-11-12,0.03,USD,NYQ
WTBA,25.825,26.6,17.31,2026-02-11,2026-02-25,2025-11-05,0.25,USD,NMS
WTRG,37.84,42.37,34.58,2026-02-09,2026-03-02,2026-02-09,0.343,USD,NYQ
XFLT,4.055,6.6,4.04,2026-02-17,2019-03-01,2026-01-15,0.06,USD,NYQ
ZION,64.14,66.18,39.32,2026-02-12,2026-02-19,2025-11-13,0.45,USD,NMS
ZTR,6.7351,6.75,5.22,,2019-02-19,2026-01-12,0.05,USD,NYQ
